Date,Start Time,End Time,kWh,Rate (Peak),Running kWh,Rate (Tiered)
2020-12-21,00:00:00,01:00:00,0.290,0.27,0.29,0.22
2020-12-21,01:00:00,02:00:00,0.240,0.27,0.53,0.22
2020-12-21,02:00:00,03:00:00,0.330,0.27,0.86,0.22
2020-12-21,03:00:00,04:00:00,0.310,0.27,1.17,0.22
2020-12-21,04:00:00,05:00:00,0.310,0.27,1.48,0.22
2020-12-21,05:00:00,06:00:00,0.350,0.27,1.83,0.22
2020-12-21,06:00:00,07:00:00,0.250,0.27,2.08,0.22
2020-12-21,07:00:00,08:00:00,0.450,0.27,2.53,0.22
2020-12-21,08:00:00,09:00:00,0.870,0.25,3.4,0.22
2020-12-21,09:00:00,10:00:00,0.860,0.25,4.26,0.22
2020-12-21,10:00:00,11:00:00,0.680,0.25,4.94,0.22
2020-12-21,11:00:00,12:00:00,0.830,0.25,5.77,0.22
2020-12-21,12:00:00,13:00:00,0.810,0.25,6.58,0.22
2020-12-21,13:00:00,14:00:00,0.740,0.25,7.32,0.22
2020-12-21,14:00:00,15:00:00,0.760,0.25,8.08,0.22
2020-12-21,15:00:00,16:00:00,0.630,0.25,8.71,0.22
2020-12-21,16:00:00,17:00:00,0.590,0.36,9.3,0.22
2020-12-21,17:00:00,18:00:00,0.480,0.36,9.78,0.22
2020-12-21,18:00:00,19:00:00,0.700,0.36,10.48,0.22
2020-12-21,19:00:00,20:00:00,1.550,0.36,12.03,0.22
2020-12-21,20:00:00,21:00:00,1.190,0.36,13.22,0.22
2020-12-21,21:00:00,22:00:00,0.550,0.27,13.77,0.22
2020-12-21,22:00:00,23:00:00,0.410,0.27,14.18,0.22
2020-12-21,23:00:00,00:00:00,0.400,0.27,14.58,0.247
2020-12-22,00:00:00,01:00:00,0.240,0.27,0.24,0.22
2020-12-22,01:00:00,02:00:00,0.270,0.27,0.51,0.22
2020-12-22,02:00:00,03:00:00,0.290,0.27,0.8,0.22
2020-12-22,03:00:00,04:00:00,0.220,0.27,1.02,0.22
2020-12-22,04:00:00,05:00:00,0.310,0.27,1.33,0.22
2020-12-22,05:00:00,06:00:00,0.270,0.27,1.6,0.22
2020-12-22,06:00:00,07:00:00,0.400,0.27,2.0,0.22
2020-12-22,07:00:00,08:00:00,0.490,0.27,2.49,0.22
2020-12-22,08:00:00,09:00:00,0.740,0.25,3.23,0.22
2020-12-22,09:00:00,10:00:00,0.750,0.25,3.98,0.22
2020-12-22,10:00:00,11:00:00,0.620,0.25,4.6,0.22
2020-12-22,11:00:00,12:00:00,0.520,0.25,5.12,0.22
2020-12-22,12:00:00,13:00:00,0.560,0.25,5.68,0.22
2020-12-22,13:00:00,14:00:00,0.540,0.25,6.22,0.22
2020-12-22,14:00:00,15:00:00,0.590,0.25,6.81,0.22
2020-12-22,15:00:00,16:00:00,0.550,0.25,7.36,0.22
2020-12-22,16:00:00,17:00:00,0.540,0.36,7.9,0.22
2020-12-22,17:00:00,18:00:00,0.690,0.36,8.59,0.22
2020-12-22,18:00:00,19:00:00,0.610,0.36,9.2,0.22
2020-12-22,19:00:00,20:00:00,0.680,0.36,9.88,0.22
2020-12-22,20:00:00,21:00:00,0.740,0.36,10.62,0.22
2020-12-22,21:00:00,22:00:00,0.480,0.27,11.1,0.22
2020-12-22,22:00:00,23:00:00,0.610,0.27,11.71,0.22
2020-12-22,23:00:00,00:00:00,0.460,0.27,12.17,0.22
2020-12-23,00:00:00,01:00:00,0.300,0.27,0.3,0.22
2020-12-23,01:00:00,02:00:00,0.410,0.27,0.71,0.22
2020-12-23,02:00:00,03:00:00,0.260,0.27,0.97,0.22
2020-12-23,03:00:00,04:00:00,0.390,0.27,1.36,0.22
2020-12-23,04:00:00,05:00:00,0.380,0.27,1.74,0.22
2020-12-23,05:00:00,06:00:00,0.370,0.27,2.11,0.22
2020-12-23,06:00:00,07:00:00,0.420,0.27,2.53,0.22
2020-12-23,07:00:00,08:00:00,0.330,0.27,2.86,0.22
2020-12-23,08:00:00,09:00:00,0.610,0.25,3.47,0.22
2020-12-23,09:00:00,10:00:00,0.660,0.25,4.13,0.22
2020-12-23,10:00:00,11:00:00,0.750,0.25,4.88,0.22
2020-12-23,11:00:00,12:00:00,0.580,0.25,5.46,0.22
2020-12-23,12:00:00,13:00:00,0.780,0.25,6.24,0.22
2020-12-23,13:00:00,14:00:00,0.640,0.25,6.88,0.22
2020-12-23,14:00:00,15:00:00,0.880,0.25,7.76,0.22
2020-12-23,15:00:00,16:00:00,1.090,0.25,8.85,0.22
2020-12-23,16:00:00,17:00:00,0.990,0.36,9.84,0.22
2020-12-23,17:00:00,18:00:00,1.130,0.36,10.97,0.22
2020-12-23,18:00:00,19:00:00,1.530,0.36,12.5,0.22
2020-12-23,19:00:00,20:00:00,1.470,0.36,13.97,0.22
2020-12-23,20:00:00,21:00:00,1.090,0.36,15.06,0.256
2020-12-23,21:00:00,22:00:00,1.120,0.27,16.18,0.28
2020-12-23,22:00:00,23:00:00,1.050,0.27,17.23,0.28
2020-12-23,23:00:00,00:00:00,1.050,0.27,18.28,0.28
2020-12-24,00:00:00,01:00:00,0.770,0.27,0.77,0.22
2020-12-24,01:00:00,02:00:00,0.830,0.27,1.6,0.22
2020-12-24,02:00:00,03:00:00,0.840,0.27,2.44,0.22
2020-12-24,03:00:00,04:00:00,0.790,0.27,3.23,0.22
2020-12-24,04:00:00,05:00:00,0.900,0.27,4.13,0.22
2020-12-24,05:00:00,06:00:00,0.820,0.27,4.95,0.22
2020-12-24,06:00:00,07:00:00,0.920,0.27,5.87,0.22
2020-12-24,07:00:00,08:00:00,0.790,0.27,6.66,0.22
2020-12-24,08:00:00,09:00:00,1.100,0.25,7.76,0.22
2020-12-24,09:00:00,10:00:00,1.000,0.25,8.76,0.22
2020-12-24,10:00:00,11:00:00,0.450,0.25,9.21,0.22
2020-12-24,11:00:00,12:00:00,0.550,0.25,9.76,0.22
2020-12-24,12:00:00,13:00:00,0.570,0.25,10.33,0.22
2020-12-24,13:00:00,14:00:00,0.770,0.25,11.1,0.22
2020-12-24,14:00:00,15:00:00,0.410,0.25,11.51,0.22
2020-12-24,15:00:00,16:00:00,0.810,0.25,12.32,0.22
2020-12-24,16:00:00,17:00:00,1.170,0.36,13.49,0.22
2020-12-24,17:00:00,18:00:00,0.680,0.36,14.17,0.22
2020-12-24,18:00:00,19:00:00,0.590,0.36,14.76,0.257
2020-12-24,19:00:00,20:00:00,0.700,0.36,15.46,0.28
2020-12-24,20:00:00,21:00:00,0.700,0.36,16.16,0.28
2020-12-24,21:00:00,22:00:00,0.510,0.27,16.67,0.28
2020-12-24,22:00:00,23:00:00,0.430,0.27,17.1,0.28
2020-12-24,23:00:00,00:00:00,0.450,0.27,17.55,0.28
2020-12-25,00:00:00,01:00:00,0.480,0.27,0.48,0.22
2020-12-25,01:00:00,02:00:00,0.440,0.27,0.92,0.22
2020-12-25,02:00:00,03:00:00,0.430,0.27,1.35,0.22
2020-12-25,03:00:00,04:00:00,0.350,0.27,1.7,0.22
2020-12-25,04:00:00,05:00:00,0.450,0.27,2.15,0.22
2020-12-25,05:00:00,06:00:00,0.270,0.27,2.42,0.22
2020-12-25,06:00:00,07:00:00,0.380,0.27,2.8,0.22
2020-12-25,07:00:00,08:00:00,0.380,0.27,3.18,0.22
2020-12-25,08:00:00,09:00:00,0.870,0.25,4.05,0.22
2020-12-25,09:00:00,10:00:00,1.000,0.25,5.05,0.22
2020-12-25,10:00:00,11:00:00,0.880,0.25,5.93,0.22
2020-12-25,11:00:00,12:00:00,0.570,0.25,6.5,0.22
2020-12-25,12:00:00,13:00:00,0.490,0.25,6.99,0.22
2020-12-25,13:00:00,14:00:00,0.680,0.25,7.67,0.22
2020-12-25,14:00:00,15:00:00,0.550,0.25,8.22,0.22
2020-12-25,15:00:00,16:00:00,0.670,0.25,8.89,0.22
2020-12-25,16:00:00,17:00:00,0.970,0.36,9.86,0.22
2020-12-25,17:00:00,18:00:00,1.870,0.36,11.73,0.22
2020-12-25,18:00:00,19:00:00,1.390,0.36,13.12,0.22
2020-12-25,19:00:00,20:00:00,1.730,0.36,14.85,0.236
2020-12-25,20:00:00,21:00:00,1.060,0.36,15.91,0.28
2020-12-25,21:00:00,22:00:00,0.580,0.27,16.49,0.28
2020-12-25,22:00:00,23:00:00,0.590,0.27,17.08,0.28
2020-12-25,23:00:00,00:00:00,0.540,0.27,17.62,0.28
2020-12-26,00:00:00,01:00:00,0.360,0.27,0.36,0.22
2020-12-26,01:00:00,02:00:00,0.190,0.27,0.55,0.22
2020-12-26,02:00:00,03:00:00,0.320,0.27,0.87,0.22
2020-12-26,03:00:00,04:00:00,0.230,0.27,1.1,0.22
2020-12-26,04:00:00,05:00:00,0.280,0.27,1.38,0.22
2020-12-26,05:00:00,06:00:00,0.270,0.27,1.65,0.22
2020-12-26,06:00:00,07:00:00,0.280,0.27,1.93,0.22
2020-12-26,07:00:00,08:00:00,0.320,0.27,2.25,0.22
2020-12-26,08:00:00,09:00:00,0.460,0.25,2.71,0.22
2020-12-26,09:00:00,10:00:00,0.940,0.25,3.65,0.22
2020-12-26,10:00:00,11:00:00,0.680,0.25,4.33,0.22
2020-12-26,11:00:00,12:00:00,0.790,0.25,5.12,0.22
2020-12-26,12:00:00,13:00:00,0.420,0.25,5.54,0.22
2020-12-26,13:00:00,14:00:00,0.410,0.25,5.95,0.22
2020-12-26,14:00:00,15:00:00,0.440,0.25,6.39,0.22
2020-12-26,15:00:00,16:00:00,0.560,0.25,6.95,0.22
2020-12-26,16:00:00,17:00:00,0.530,0.36,7.48,0.22
2020-12-26,17:00:00,18:00:00,0.510,0.36,7.99,0.22
2020-12-26,18:00:00,19:00:00,0.490,0.36,8.48,0.22
2020-12-26,19:00:00,20:00:00,0.700,0.36,9.18,0.22
2020-12-26,20:00:00,21:00:00,0.600,0.36,9.78,0.22
2020-12-26,21:00:00,22:00:00,0.770,0.27,10.55,0.22
2020-12-26,22:00:00,23:00:00,0.610,0.27,11.16,0.22
2020-12-26,23:00:00,00:00:00,0.660,0.27,11.82,0.22
2020-12-27,00:00:00,01:00:00,0.530,0.27,0.53,0.22
2020-12-27,01:00:00,02:00:00,0.400,0.27,0.93,0.22
2020-12-27,02:00:00,03:00:00,0.340,0.27,1.27,0.22
2020-12-27,03:00:00,04:00:00,0.210,0.27,1.48,0.22
2020-12-27,04:00:00,05:00:00,0.330,0.27,1.81,0.22
2020-12-27,05:00:00,06:00:00,0.240,0.27,2.05,0.22
2020-12-27,06:00:00,07:00:00,0.290,0.27,2.34,0.22
2020-12-27,07:00:00,08:00:00,0.380,0.27,2.72,0.22
2020-12-27,08:00:00,09:00:00,0.380,0.25,3.1,0.22
2020-12-27,09:00:00,10:00:00,0.970,0.25,4.07,0.22
2020-12-27,10:00:00,11:00:00,0.790,0.25,4.86,0.22
2020-12-27,11:00:00,12:00:00,0.750,0.25,5.61,0.22
2020-12-27,12:00:00,13:00:00,0.870,0.25,6.48,0.22
2020-12-27,13:00:00,14:00:00,0.660,0.25,7.14,0.22
2020-12-27,14:00:00,15:00:00,0.720,0.25,7.86,0.22
2020-12-27,15:00:00,16:00:00,0.470,0.25,8.33,0.22
2020-12-27,16:00:00,17:00:00,0.610,0.36,8.94,0.22
2020-12-27,17:00:00,18:00:00,0.650,0.36,9.59,0.22
2020-12-27,18:00:00,19:00:00,0.930,0.36,10.52,0.22
2020-12-27,19:00:00,20:00:00,0.790,0.36,11.31,0.22
2020-12-27,20:00:00,21:00:00,0.780,0.36,12.09,0.22
2020-12-27,21:00:00,22:00:00,0.720,0.27,12.81,0.22
2020-12-27,22:00:00,23:00:00,0.730,0.27,13.54,0.22
2020-12-27,23:00:00,00:00:00,0.940,0.27,14.48,0.225
2020-12-28,00:00:00,01:00:00,0.420,0.27,0.42,0.22
2020-12-28,01:00:00,02:00:00,0.610,0.27,1.03,0.22
2020-12-28,02:00:00,03:00:00,0.390,0.27,1.42,0.22
2020-12-28,03:00:00,04:00:00,0.610,0.27,2.03,0.22
2020-12-28,04:00:00,05:00:00,0.510,0.27,2.54,0.22
2020-12-28,05:00:00,06:00:00,0.500,0.27,3.04,0.22
2020-12-28,06:00:00,07:00:00,0.470,0.27,3.51,0.22
2020-12-28,07:00:00,08:00:00,0.550,0.27,4.06,0.22
2020-12-28,08:00:00,09:00:00,0.750,0.25,4.81,0.22
2020-12-28,09:00:00,10:00:00,1.120,0.25,5.93,0.22
2020-12-28,10:00:00,11:00:00,1.560,0.25,7.49,0.22
2020-12-28,11:00:00,12:00:00,1.120,0.25,8.61,0.22
2020-12-28,12:00:00,13:00:00,1.360,0.25,9.97,0.22
2020-12-28,13:00:00,14:00:00,1.150,0.25,11.12,0.22
2020-12-28,14:00:00,15:00:00,1.170,0.25,12.29,0.22
2020-12-28,15:00:00,16:00:00,0.690,0.25,12.98,0.22
2020-12-28,16:00:00,17:00:00,1.350,0.36,14.33,0.22
2020-12-28,17:00:00,18:00:00,1.610,0.36,15.94,0.277
2020-12-28,18:00:00,19:00:00,0.890,0.36,16.83,0.28
2020-12-28,19:00:00,20:00:00,0.490,0.36,17.32,0.28
2020-12-28,20:00:00,21:00:00,0.630,0.36,17.95,0.28
2020-12-28,21:00:00,22:00:00,0.560,0.27,18.51,0.28
2020-12-28,22:00:00,23:00:00,0.770,0.27,19.28,0.28
2020-12-28,23:00:00,00:00:00,0.490,0.27,19.77,0.28
2020-12-29,00:00:00,01:00:00,0.450,0.27,0.45,0.22
2020-12-29,01:00:00,02:00:00,0.550,0.27,1.0,0.22
2020-12-29,02:00:00,03:00:00,0.490,0.27,1.49,0.22
2020-12-29,03:00:00,04:00:00,0.520,0.27,2.01,0.22
2020-12-29,04:00:00,05:00:00,0.520,0.27,2.53,0.22
2020-12-29,05:00:00,06:00:00,0.470,0.27,3.0,0.22
2020-12-29,06:00:00,07:00:00,0.480,0.27,3.48,0.22
2020-12-29,07:00:00,08:00:00,0.430,0.27,3.91,0.22
2020-12-29,08:00:00,09:00:00,0.570,0.25,4.48,0.22
2020-12-29,09:00:00,10:00:00,0.880,0.25,5.36,0.22
2020-12-29,10:00:00,11:00:00,1.350,0.25,6.71,0.22
2020-12-29,11:00:00,12:00:00,0.900,0.25,7.61,0.22
2020-12-29,12:00:00,13:00:00,0.790,0.25,8.4,0.22
2020-12-29,13:00:00,14:00:00,0.830,0.25,9.23,0.22
2020-12-29,14:00:00,15:00:00,0.870,0.25,10.1,0.22
2020-12-29,15:00:00,16:00:00,1.090,0.25,11.19,0.22
2020-12-29,16:00:00,17:00:00,0.970,0.36,12.16,0.22
2020-12-29,17:00:00,18:00:00,0.920,0.36,13.08,0.22
2020-12-29,18:00:00,19:00:00,1.030,0.36,14.11,0.22
2020-12-29,19:00:00,20:00:00,1.470,0.36,15.58,0.268
2020-12-29,20:00:00,21:00:00,0.880,0.36,16.46,0.28
2020-12-29,21:00:00,22:00:00,0.810,0.27,17.27,0.28
2020-12-29,22:00:00,23:00:00,0.760,0.27,18.03,0.28
2020-12-29,23:00:00,00:00:00,0.720,0.27,18.75,0.28
2020-12-30,00:00:00,01:00:00,0.830,0.27,0.83,0.22
2020-12-30,01:00:00,02:00:00,0.520,0.27,1.35,0.22
2020-12-30,02:00:00,03:00:00,0.450,0.27,1.8,0.22
2020-12-30,03:00:00,04:00:00,0.520,0.27,2.32,0.22
2020-12-30,04:00:00,05:00:00,0.480,0.27,2.8,0.22
2020-12-30,05:00:00,06:00:00,0.570,0.27,3.37,0.22
2020-12-30,06:00:00,07:00:00,0.460,0.27,3.83,0.22
2020-12-30,07:00:00,08:00:00,0.560,0.27,4.39,0.22
2020-12-30,08:00:00,09:00:00,0.600,0.25,4.99,0.22
2020-12-30,09:00:00,10:00:00,0.650,0.25,5.64,0.22
2020-12-30,10:00:00,11:00:00,0.790,0.25,6.43,0.22
2020-12-30,11:00:00,12:00:00,0.780,0.25,7.21,0.22
2020-12-30,12:00:00,13:00:00,0.870,0.25,8.08,0.22
2020-12-30,13:00:00,14:00:00,1.090,0.25,9.17,0.22
2020-12-30,14:00:00,15:00:00,1.470,0.25,10.64,0.22
2020-12-30,15:00:00,16:00:00,1.270,0.25,11.91,0.22
2020-12-30,16:00:00,17:00:00,1.180,0.36,13.09,0.22
2020-12-30,17:00:00,18:00:00,1.280,0.36,14.37,0.22
2020-12-30,18:00:00,19:00:00,1.280,0.36,15.65,0.279
2020-12-30,19:00:00,20:00:00,0.970,0.36,16.62,0.28
2020-12-30,20:00:00,21:00:00,0.950,0.36,17.57,0.28
2020-12-30,21:00:00,22:00:00,1.800,0.27,19.37,0.28
2020-12-30,22:00:00,23:00:00,0.640,0.27,20.01,0.28
2020-12-30,23:00:00,00:00:00,0.610,0.27,20.62,0.28
2020-12-31,00:00:00,01:00:00,0.720,0.27,0.72,0.22
2020-12-31,01:00:00,02:00:00,0.710,0.27,1.43,0.22
2020-12-31,02:00:00,03:00:00,0.650,0.27,2.08,0.22
2020-12-31,03:00:00,04:00:00,0.770,0.27,2.85,0.22
2020-12-31,04:00:00,05:00:00,0.640,0.27,3.49,0.22
2020-12-31,05:00:00,06:00:00,0.760,0.27,4.25,0.22
2020-12-31,06:00:00,07:00:00,0.640,0.27,4.89,0.22
2020-12-31,07:00:00,08:00:00,0.840,0.27,5.73,0.22
2020-12-31,08:00:00,09:00:00,1.000,0.25,6.73,0.22
2020-12-31,09:00:00,10:00:00,0.850,0.25,7.58,0.22
2020-12-31,10:00:00,11:00:00,0.650,0.25,8.23,0.22
2020-12-31,11:00:00,12:00:00,0.730,0.25,8.96,0.22
2020-12-31,12:00:00,13:00:00,0.820,0.25,9.78,0.22
2020-12-31,13:00:00,14:00:00,0.830,0.25,10.61,0.22
2020-12-31,14:00:00,15:00:00,1.150,0.25,11.76,0.22
2020-12-31,15:00:00,16:00:00,0.950,0.25,12.71,0.22
2020-12-31,16:00:00,17:00:00,0.940,0.36,13.65,0.22
2020-12-31,17:00:00,18:00:00,0.990,0.36,14.64,0.235
2020-12-31,18:00:00,19:00:00,1.020,0.36,15.66,0.28
2020-12-31,19:00:00,20:00:00,0.820,0.36,16.48,0.28
2020-12-31,20:00:00,21:00:00,0.950,0.36,17.43,0.28
2020-12-31,21:00:00,22:00:00,1.240,0.27,18.67,0.28
2020-12-31,22:00:00,23:00:00,1.300,0.27,19.97,0.28
2020-12-31,23:00:00,00:00:00,0.770,0.27,20.74,0.28
2021-01-01,00:00:00,01:00:00,0.580,0.27,0.58,0.22
2021-01-01,01:00:00,02:00:00,0.560,0.27,1.14,0.22
2021-01-01,02:00:00,03:00:00,0.570,0.27,1.71,0.22
2021-01-01,03:00:00,04:00:00,0.660,0.27,2.37,0.22
2021-01-01,04:00:00,05:00:00,0.520,0.27,2.89,0.22
2021-01-01,05:00:00,06:00:00,0.610,0.27,3.5,0.22
2021-01-01,06:00:00,07:00:00,0.590,0.27,4.09,0.22
2021-01-01,07:00:00,08:00:00,0.630,0.27,4.72,0.22
2021-01-01,08:00:00,09:00:00,0.630,0.25,5.35,0.22
2021-01-01,09:00:00,10:00:00,0.870,0.25,6.22,0.22
2021-01-01,10:00:00,11:00:00,0.590,0.25,6.81,0.22
2021-01-01,11:00:00,12:00:00,0.720,0.25,7.53,0.22
2021-01-01,12:00:00,13:00:00,0.810,0.25,8.34,0.22
2021-01-01,13:00:00,14:00:00,0.780,0.25,9.12,0.22
2021-01-01,14:00:00,15:00:00,0.970,0.25,10.09,0.22
2021-01-01,15:00:00,16:00:00,0.840,0.25,10.93,0.22
2021-01-01,16:00:00,17:00:00,1.020,0.36,11.95,0.22
2021-01-01,17:00:00,18:00:00,1.450,0.36,13.4,0.22
2021-01-01,18:00:00,19:00:00,0.820,0.36,14.22,0.22
2021-01-01,19:00:00,20:00:00,0.640,0.36,14.86,0.263
2021-01-01,20:00:00,21:00:00,1.170,0.36,16.03,0.28
2021-01-01,21:00:00,22:00:00,0.860,0.27,16.89,0.28
2021-01-01,22:00:00,23:00:00,0.690,0.27,17.58,0.28
2021-01-01,23:00:00,00:00:00,0.650,0.27,18.23,0.28
2021-01-02,00:00:00,01:00:00,0.620,0.27,0.62,0.22
2021-01-02,01:00:00,02:00:00,0.440,0.27,1.06,0.22
2021-01-02,02:00:00,03:00:00,0.650,0.27,1.71,0.22
2021-01-02,03:00:00,04:00:00,0.400,0.27,2.11,0.22
2021-01-02,04:00:00,05:00:00,0.670,0.27,2.78,0.22
2021-01-02,05:00:00,06:00:00,0.560,0.27,3.34,0.22
2021-01-02,06:00:00,07:00:00,0.610,0.27,3.95,0.22
2021-01-02,07:00:00,08:00:00,0.510,0.27,4.46,0.22
2021-01-02,08:00:00,09:00:00,0.710,0.25,5.17,0.22
2021-01-02,09:00:00,10:00:00,0.810,0.25,5.98,0.22
2021-01-02,10:00:00,11:00:00,0.790,0.25,6.77,0.22
2021-01-02,11:00:00,12:00:00,0.650,0.25,7.42,0.22
2021-01-02,12:00:00,13:00:00,0.600,0.25,8.02,0.22
2021-01-02,13:00:00,14:00:00,0.460,0.25,8.48,0.22
2021-01-02,14:00:00,15:00:00,0.620,0.25,9.1,0.22
2021-01-02,15:00:00,16:00:00,0.690,0.25,9.79,0.22
2021-01-02,16:00:00,17:00:00,0.830,0.36,10.62,0.22
2021-01-02,17:00:00,18:00:00,0.530,0.36,11.15,0.22
2021-01-02,18:00:00,19:00:00,0.670,0.36,11.82,0.22
2021-01-02,19:00:00,20:00:00,0.500,0.36,12.32,0.22
2021-01-02,20:00:00,21:00:00,0.750,0.36,13.07,0.22
2021-01-02,21:00:00,22:00:00,0.550,0.27,13.62,0.22
2021-01-02,22:00:00,23:00:00,0.860,0.27,14.48,0.226
2021-01-02,23:00:00,00:00:00,1.010,0.27,15.49,0.28
2021-01-03,00:00:00,01:00:00,0.330,0.27,0.33,0.22
2021-01-03,01:00:00,02:00:00,0.370,0.27,0.7,0.22
2021-01-03,02:00:00,03:00:00,0.250,0.27,0.95,0.22
2021-01-03,03:00:00,04:00:00,0.340,0.27,1.29,0.22
2021-01-03,04:00:00,05:00:00,0.350,0.27,1.64,0.22
2021-01-03,05:00:00,06:00:00,0.530,0.27,2.17,0.22
2021-01-03,06:00:00,07:00:00,0.360,0.27,2.53,0.22
2021-01-03,07:00:00,08:00:00,0.420,0.27,2.95,0.22
2021-01-03,08:00:00,09:00:00,0.280,0.25,3.23,0.22
2021-01-03,09:00:00,10:00:00,0.800,0.25,4.03,0.22
2021-01-03,10:00:00,11:00:00,0.800,0.25,4.83,0.22
2021-01-03,11:00:00,12:00:00,1.050,0.25,5.88,0.22
2021-01-03,12:00:00,13:00:00,0.860,0.25,6.74,0.22
2021-01-03,13:00:00,14:00:00,0.490,0.25,7.23,0.22
2021-01-03,14:00:00,15:00:00,0.600,0.25,7.83,0.22
2021-01-03,15:00:00,16:00:00,0.540,0.25,8.37,0.22
2021-01-03,16:00:00,17:00:00,0.460,0.36,8.83,0.22
2021-01-03,17:00:00,18:00:00,0.850,0.36,9.68,0.22
2021-01-03,18:00:00,19:00:00,0.900,0.36,10.58,0.22
2021-01-03,19:00:00,20:00:00,0.900,0.36,11.48,0.22
2021-01-03,20:00:00,21:00:00,0.780,0.36,12.26,0.22
2021-01-03,21:00:00,22:00:00,0.670,0.27,12.93,0.22
2021-01-03,22:00:00,23:00:00,0.540,0.27,13.47,0.22
2021-01-03,23:00:00,00:00:00,0.550,0.27,14.02,0.22
2021-01-04,00:00:00,01:00:00,0.620,0.27,0.62,0.22
2021-01-04,01:00:00,02:00:00,0.620,0.27,1.24,0.22
2021-01-04,02:00:00,03:00:00,0.450,0.27,1.69,0.22
2021-01-04,03:00:00,04:00:00,0.590,0.27,2.28,0.22
2021-01-04,04:00:00,05:00:00,0.480,0.27,2.76,0.22
2021-01-04,05:00:00,06:00:00,0.500,0.27,3.26,0.22
2021-01-04,06:00:00,07:00:00,0.480,0.27,3.74,0.22
2021-01-04,07:00:00,08:00:00,0.460,0.27,4.2,0.22
2021-01-04,08:00:00,09:00:00,0.840,0.25,5.04,0.22
2021-01-04,09:00:00,10:00:00,0.510,0.25,5.55,0.22
2021-01-04,10:00:00,11:00:00,0.760,0.25,6.31,0.22
2021-01-04,11:00:00,12:00:00,0.560,0.25,6.87,0.22
2021-01-04,12:00:00,13:00:00,0.780,0.25,7.65,0.22
2021-01-04,13:00:00,14:00:00,0.640,0.25,8.29,0.22
2021-01-04,14:00:00,15:00:00,0.640,0.25,8.93,0.22
2021-01-04,15:00:00,16:00:00,0.550,0.25,9.48,0.22
2021-01-04,16:00:00,17:00:00,0.810,0.36,10.29,0.22
2021-01-04,17:00:00,18:00:00,1.160,0.36,11.45,0.22
2021-01-04,18:00:00,19:00:00,1.220,0.36,12.67,0.22
2021-01-04,19:00:00,20:00:00,0.880,0.36,13.55,0.22
2021-01-04,20:00:00,21:00:00,0.830,0.36,14.38,0.22
2021-01-04,21:00:00,22:00:00,0.710,0.27,15.09,0.278
2021-01-04,22:00:00,23:00:00,0.450,0.27,15.54,0.28
2021-01-04,23:00:00,00:00:00,0.510,0.27,16.05,0.28
2021-01-05,00:00:00,01:00:00,0.400,0.27,0.4,0.22
2021-01-05,01:00:00,02:00:00,0.370,0.27,0.77,0.22
2021-01-05,02:00:00,03:00:00,0.460,0.27,1.23,0.22
2021-01-05,03:00:00,04:00:00,0.220,0.27,1.45,0.22
2021-01-05,04:00:00,05:00:00,0.430,0.27,1.88,0.22
2021-01-05,05:00:00,06:00:00,0.240,0.27,2.12,0.22
2021-01-05,06:00:00,07:00:00,0.400,0.27,2.52,0.22
2021-01-05,07:00:00,08:00:00,0.350,0.27,2.87,0.22
2021-01-05,08:00:00,09:00:00,0.390,0.25,3.26,0.22
2021-01-05,09:00:00,10:00:00,0.720,0.25,3.98,0.22
2021-01-05,10:00:00,11:00:00,0.570,0.25,4.55,0.22
2021-01-05,11:00:00,12:00:00,0.640,0.25,5.19,0.22
2021-01-05,12:00:00,13:00:00,0.480,0.25,5.67,0.22
2021-01-05,13:00:00,14:00:00,0.670,0.25,6.34,0.22
2021-01-05,14:00:00,15:00:00,0.410,0.25,6.75,0.22
2021-01-05,15:00:00,16:00:00,0.620,0.25,7.37,0.22
2021-01-05,16:00:00,17:00:00,0.650,0.36,8.02,0.22
2021-01-05,17:00:00,18:00:00,0.630,0.36,8.65,0.22
2021-01-05,18:00:00,19:00:00,1.470,0.36,10.12,0.22
2021-01-05,19:00:00,20:00:00,1.200,0.36,11.32,0.22
2021-01-05,20:00:00,21:00:00,0.730,0.36,12.05,0.22
2021-01-05,21:00:00,22:00:00,0.640,0.27,12.69,0.22
2021-01-05,22:00:00,23:00:00,0.510,0.27,13.2,0.22
2021-01-05,23:00:00,00:00:00,0.550,0.27,13.75,0.22
2021-01-06,00:00:00,01:00:00,0.230,0.27,0.23,0.22
2021-01-06,01:00:00,02:00:00,0.340,0.27,0.57,0.22
2021-01-06,02:00:00,03:00:00,0.360,0.27,0.93,0.22
2021-01-06,03:00:00,04:00:00,0.270,0.27,1.2,0.22
2021-01-06,04:00:00,05:00:00,0.370,0.27,1.57,0.22
2021-01-06,05:00:00,06:00:00,0.270,0.27,1.84,0.22
2021-01-06,06:00:00,07:00:00,0.400,0.27,2.24,0.22
2021-01-06,07:00:00,08:00:00,0.290,0.27,2.53,0.22
2021-01-06,08:00:00,09:00:00,0.750,0.25,3.28,0.22
2021-01-06,09:00:00,10:00:00,0.500,0.25,3.78,0.22
2021-01-06,10:00:00,11:00:00,0.630,0.25,4.41,0.22
2021-01-06,11:00:00,12:00:00,0.550,0.25,4.96,0.22
2021-01-06,12:00:00,13:00:00,0.610,0.25,5.57,0.22
2021-01-06,13:00:00,14:00:00,0.550,0.25,6.12,0.22
2021-01-06,14:00:00,15:00:00,0.670,0.25,6.79,0.22
2021-01-06,15:00:00,16:00:00,0.560,0.25,7.35,0.22
2021-01-06,16:00:00,17:00:00,0.480,0.36,7.83,0.22
2021-01-06,17:00:00,18:00:00,1.140,0.36,8.97,0.22
2021-01-06,18:00:00,19:00:00,1.700,0.36,10.67,0.22
2021-01-06,19:00:00,20:00:00,0.870,0.36,11.54,0.22
2021-01-06,20:00:00,21:00:00,0.700,0.36,12.24,0.22
2021-01-06,21:00:00,22:00:00,0.750,0.27,12.99,0.22
2021-01-06,22:00:00,23:00:00,0.600,0.27,13.59,0.22
2021-01-06,23:00:00,00:00:00,0.500,0.27,14.09,0.22
2021-01-07,00:00:00,01:00:00,0.520,0.27,0.52,0.22
2021-01-07,01:00:00,02:00:00,0.370,0.27,0.89,0.22
2021-01-07,02:00:00,03:00:00,0.500,0.27,1.39,0.22
2021-01-07,03:00:00,04:00:00,0.390,0.27,1.78,0.22
2021-01-07,04:00:00,05:00:00,0.440,0.27,2.22,0.22
2021-01-07,05:00:00,06:00:00,0.530,0.27,2.75,0.22
2021-01-07,06:00:00,07:00:00,0.390,0.27,3.14,0.22
2021-01-07,07:00:00,08:00:00,0.550,0.27,3.69,0.22
2021-01-07,08:00:00,09:00:00,0.560,0.25,4.25,0.22
2021-01-07,09:00:00,10:00:00,0.890,0.25,5.14,0.22
2021-01-07,10:00:00,11:00:00,0.700,0.25,5.84,0.22
2021-01-07,11:00:00,12:00:00,0.770,0.25,6.61,0.22
2021-01-07,12:00:00,13:00:00,0.820,0.25,7.43,0.22
2021-01-07,13:00:00,14:00:00,0.690,0.25,8.12,0.22
2021-01-07,14:00:00,15:00:00,0.740,0.25,8.86,0.22
2021-01-07,15:00:00,16:00:00,0.790,0.25,9.65,0.22
2021-01-07,16:00:00,17:00:00,0.700,0.36,10.35,0.22
2021-01-07,17:00:00,18:00:00,1.280,0.36,11.63,0.22
2021-01-07,18:00:00,19:00:00,1.110,0.36,12.74,0.22
2021-01-07,19:00:00,20:00:00,0.800,0.36,13.54,0.22
2021-01-07,20:00:00,21:00:00,0.880,0.36,14.42,0.221
2021-01-07,21:00:00,22:00:00,0.780,0.27,15.2,0.28
2021-01-07,22:00:00,23:00:00,0.720,0.27,15.92,0.28
2021-01-07,23:00:00,00:00:00,0.520,0.27,16.44,0.28
2021-01-08,00:00:00,01:00:00,0.280,0.27,0.28,0.22
2021-01-08,01:00:00,02:00:00,0.460,0.27,0.74,0.22
2021-01-08,02:00:00,03:00:00,0.390,0.27,1.13,0.22
2021-01-08,03:00:00,04:00:00,0.250,0.27,1.38,0.22
2021-01-08,04:00:00,05:00:00,0.380,0.27,1.76,0.22
2021-01-08,05:00:00,06:00:00,0.350,0.27,2.11,0.22
2021-01-08,06:00:00,07:00:00,0.350,0.27,2.46,0.22
2021-01-08,07:00:00,08:00:00,0.360,0.27,2.82,0.22
2021-01-08,08:00:00,09:00:00,0.790,0.25,3.61,0.22
2021-01-08,09:00:00,10:00:00,0.610,0.25,4.22,0.22
2021-01-08,10:00:00,11:00:00,0.720,0.25,4.94,0.22
2021-01-08,11:00:00,12:00:00,0.820,0.25,5.76,0.22
2021-01-08,12:00:00,13:00:00,0.900,0.25,6.66,0.22
2021-01-08,13:00:00,14:00:00,0.920,0.25,7.58,0.22
2021-01-08,14:00:00,15:00:00,1.100,0.25,8.68,0.22
2021-01-08,15:00:00,16:00:00,0.890,0.25,9.57,0.22
2021-01-08,16:00:00,17:00:00,0.870,0.36,10.44,0.22
2021-01-08,17:00:00,18:00:00,1.200,0.36,11.64,0.22
2021-01-08,18:00:00,19:00:00,0.740,0.36,12.38,0.22
2021-01-08,19:00:00,20:00:00,0.660,0.36,13.04,0.22
2021-01-08,20:00:00,21:00:00,0.700,0.36,13.74,0.22
2021-01-08,21:00:00,22:00:00,0.840,0.27,14.58,0.233
2021-01-08,22:00:00,23:00:00,0.740,0.27,15.32,0.28
2021-01-08,23:00:00,00:00:00,0.660,0.27,15.98,0.28
2021-01-09,00:00:00,01:00:00,0.730,0.27,0.73,0.22
2021-01-09,01:00:00,02:00:00,0.610,0.27,1.34,0.22
2021-01-09,02:00:00,03:00:00,0.540,0.27,1.88,0.22
2021-01-09,03:00:00,04:00:00,0.620,0.27,2.5,0.22
2021-01-09,04:00:00,05:00:00,0.580,0.27,3.08,0.22
2021-01-09,05:00:00,06:00:00,0.620,0.27,3.7,0.22
2021-01-09,06:00:00,07:00:00,0.600,0.27,4.3,0.22
2021-01-09,07:00:00,08:00:00,0.710,0.27,5.01,0.22
2021-01-09,08:00:00,09:00:00,0.610,0.25,5.62,0.22
2021-01-09,09:00:00,10:00:00,1.130,0.25,6.75,0.22
2021-01-09,10:00:00,11:00:00,0.900,0.25,7.65,0.22
2021-01-09,11:00:00,12:00:00,0.780,0.25,8.43,0.22
2021-01-09,12:00:00,13:00:00,0.530,0.25,8.96,0.22
2021-01-09,13:00:00,14:00:00,0.760,0.25,9.72,0.22
2021-01-09,14:00:00,15:00:00,1.040,0.25,10.76,0.22
2021-01-09,15:00:00,16:00:00,0.920,0.25,11.68,0.22
2021-01-09,16:00:00,17:00:00,0.970,0.36,12.65,0.22
2021-01-09,17:00:00,18:00:00,0.820,0.36,13.47,0.22
2021-01-09,18:00:00,19:00:00,0.740,0.36,14.21,0.22
2021-01-09,19:00:00,20:00:00,0.650,0.36,14.86,0.262
2021-01-09,20:00:00,21:00:00,0.580,0.36,15.44,0.28
2021-01-09,21:00:00,22:00:00,0.620,0.27,16.06,0.28
2021-01-09,22:00:00,23:00:00,0.670,0.27,16.73,0.28
2021-01-09,23:00:00,00:00:00,0.530,0.27,17.26,0.28
2021-01-10,00:00:00,01:00:00,0.610,0.27,0.61,0.22
2021-01-10,01:00:00,02:00:00,0.390,0.27,1.0,0.22
2021-01-10,02:00:00,03:00:00,0.420,0.27,1.42,0.22
2021-01-10,03:00:00,04:00:00,0.440,0.27,1.86,0.22
2021-01-10,04:00:00,05:00:00,0.460,0.27,2.32,0.22
2021-01-10,05:00:00,06:00:00,0.570,0.27,2.89,0.22
2021-01-10,06:00:00,07:00:00,0.390,0.27,3.28,0.22
2021-01-10,07:00:00,08:00:00,0.530,0.27,3.81,0.22
2021-01-10,08:00:00,09:00:00,0.660,0.25,4.47,0.22
2021-01-10,09:00:00,10:00:00,0.920,0.25,5.39,0.22
2021-01-10,10:00:00,11:00:00,0.570,0.25,5.96,0.22
2021-01-10,11:00:00,12:00:00,0.560,0.25,6.52,0.22
2021-01-10,12:00:00,13:00:00,0.280,0.25,6.8,0.22
2021-01-10,13:00:00,14:00:00,0.390,0.25,7.19,0.22
2021-01-10,14:00:00,15:00:00,0.350,0.25,7.54,0.22
2021-01-10,15:00:00,16:00:00,1.370,0.25,8.91,0.22
2021-01-10,16:00:00,17:00:00,1.440,0.36,10.35,0.22
2021-01-10,17:00:00,18:00:00,0.890,0.36,11.24,0.22
2021-01-10,18:00:00,19:00:00,0.760,0.36,12.0,0.22
2021-01-10,19:00:00,20:00:00,0.680,0.36,12.68,0.22
2021-01-10,20:00:00,21:00:00,0.680,0.36,13.36,0.22
2021-01-10,21:00:00,22:00:00,0.540,0.27,13.9,0.22
2021-01-10,22:00:00,23:00:00,0.660,0.27,14.56,0.235
2021-01-10,23:00:00,00:00:00,0.510,0.27,15.07,0.28
2021-01-11,00:00:00,01:00:00,0.350,0.27,0.35,0.22
2021-01-11,01:00:00,02:00:00,0.360,0.27,0.71,0.22
2021-01-11,02:00:00,03:00:00,0.410,0.27,1.12,0.22
2021-01-11,03:00:00,04:00:00,0.240,0.27,1.36,0.22
2021-01-11,04:00:00,05:00:00,0.440,0.27,1.8,0.22
2021-01-11,05:00:00,06:00:00,0.370,0.27,2.17,0.22
2021-01-11,06:00:00,07:00:00,0.360,0.27,2.53,0.22
2021-01-11,07:00:00,08:00:00,0.480,0.27,3.01,0.22
2021-01-11,08:00:00,09:00:00,0.630,0.25,3.64,0.22
2021-01-11,09:00:00,10:00:00,0.510,0.25,4.15,0.22
2021-01-11,10:00:00,11:00:00,0.610,0.25,4.76,0.22
2021-01-11,11:00:00,12:00:00,0.860,0.25,5.62,0.22
2021-01-11,12:00:00,13:00:00,0.660,0.25,6.28,0.22
2021-01-11,13:00:00,14:00:00,0.780,0.25,7.06,0.22
2021-01-11,14:00:00,15:00:00,0.570,0.25,7.63,0.22
2021-01-11,15:00:00,16:00:00,0.460,0.25,8.09,0.22
2021-01-11,16:00:00,17:00:00,0.820,0.36,8.91,0.22
2021-01-11,17:00:00,18:00:00,0.660,0.36,9.57,0.22
2021-01-11,18:00:00,19:00:00,0.710,0.36,10.28,0.22
2021-01-11,19:00:00,20:00:00,0.590,0.36,10.87,0.22
2021-01-11,20:00:00,21:00:00,0.860,0.36,11.73,0.22
2021-01-11,21:00:00,22:00:00,0.810,0.27,12.54,0.22
2021-01-11,22:00:00,23:00:00,0.670,0.27,13.21,0.22
2021-01-11,23:00:00,00:00:00,0.640,0.27,13.85,0.22
2021-01-12,00:00:00,01:00:00,0.270,0.27,0.27,0.22
2021-01-12,01:00:00,02:00:00,0.370,0.27,0.64,0.22
2021-01-12,02:00:00,03:00:00,0.370,0.27,1.01,0.22
2021-01-12,03:00:00,04:00:00,0.420,0.27,1.43,0.22
2021-01-12,04:00:00,05:00:00,0.420,0.27,1.85,0.22
2021-01-12,05:00:00,06:00:00,0.360,0.27,2.21,0.22
2021-01-12,06:00:00,07:00:00,0.380,0.27,2.59,0.22
2021-01-12,07:00:00,08:00:00,0.340,0.27,2.93,0.22
2021-01-12,08:00:00,09:00:00,0.840,0.25,3.77,0.22
2021-01-12,09:00:00,10:00:00,0.850,0.25,4.62,0.22
2021-01-12,10:00:00,11:00:00,0.900,0.25,5.52,0.22
2021-01-12,11:00:00,12:00:00,1.020,0.25,6.54,0.22
2021-01-12,12:00:00,13:00:00,0.810,0.25,7.35,0.22
2021-01-12,13:00:00,14:00:00,0.750,0.25,8.1,0.22
2021-01-12,14:00:00,15:00:00,0.860,0.25,8.96,0.22
2021-01-12,15:00:00,16:00:00,0.930,0.25,9.89,0.22
2021-01-12,16:00:00,17:00:00,0.740,0.36,10.63,0.22
2021-01-12,17:00:00,18:00:00,0.690,0.36,11.32,0.22
2021-01-12,18:00:00,19:00:00,0.630,0.36,11.95,0.22
2021-01-12,19:00:00,20:00:00,0.700,0.36,12.65,0.22
2021-01-12,20:00:00,21:00:00,1.000,0.36,13.65,0.22
2021-01-12,21:00:00,22:00:00,0.940,0.27,14.59,0.232
2021-01-12,22:00:00,23:00:00,0.680,0.27,15.27,0.28
2021-01-12,23:00:00,00:00:00,0.330,0.27,15.6,0.28
2021-01-13,00:00:00,01:00:00,0.370,0.27,0.37,0.22
2021-01-13,01:00:00,02:00:00,0.250,0.27,0.62,0.22
2021-01-13,02:00:00,03:00:00,0.320,0.27,0.94,0.22
2021-01-13,03:00:00,04:00:00,0.310,0.27,1.25,0.22
2021-01-13,04:00:00,05:00:00,0.390,0.27,1.64,0.22
2021-01-13,05:00:00,06:00:00,0.480,0.27,2.12,0.22
2021-01-13,06:00:00,07:00:00,0.240,0.27,2.36,0.22
2021-01-13,07:00:00,08:00:00,0.470,0.27,2.83,0.22
2021-01-13,08:00:00,09:00:00,0.700,0.25,3.53,0.22
2021-01-13,09:00:00,10:00:00,0.740,0.25,4.27,0.22
2021-01-13,10:00:00,11:00:00,0.640,0.25,4.91,0.22
2021-01-13,11:00:00,12:00:00,0.640,0.25,5.55,0.22
2021-01-13,12:00:00,13:00:00,0.760,0.25,6.31,0.22
2021-01-13,13:00:00,14:00:00,0.570,0.25,6.88,0.22
2021-01-13,14:00:00,15:00:00,0.610,0.25,7.49,0.22
2021-01-13,15:00:00,16:00:00,0.410,0.25,7.9,0.22
2021-01-13,16:00:00,17:00:00,0.680,0.36,8.58,0.22
2021-01-13,17:00:00,18:00:00,0.940,0.36,9.52,0.22
2021-01-13,18:00:00,19:00:00,0.950,0.36,10.47,0.22
2021-01-13,19:00:00,20:00:00,1.030,0.36,11.5,0.22
2021-01-13,20:00:00,21:00:00,0.910,0.36,12.41,0.22
2021-01-13,21:00:00,22:00:00,0.950,0.27,13.36,0.22
2021-01-13,22:00:00,23:00:00,0.520,0.27,13.88,0.22
2021-01-13,23:00:00,00:00:00,0.630,0.27,14.51,0.23
2021-01-14,00:00:00,01:00:00,0.330,0.27,0.33,0.22
2021-01-14,01:00:00,02:00:00,0.400,0.27,0.73,0.22
2021-01-14,02:00:00,03:00:00,0.320,0.27,1.05,0.22
2021-01-14,03:00:00,04:00:00,0.350,0.27,1.4,0.22
2021-01-14,04:00:00,05:00:00,0.420,0.27,1.82,0.22
2021-01-14,05:00:00,06:00:00,0.460,0.27,2.28,0.22
2021-01-14,06:00:00,07:00:00,0.370,0.27,2.65,0.22
2021-01-14,07:00:00,08:00:00,0.430,0.27,3.08,0.22
2021-01-14,08:00:00,09:00:00,0.570,0.25,3.65,0.22
2021-01-14,09:00:00,10:00:00,0.600,0.25,4.25,0.22
2021-01-14,10:00:00,11:00:00,0.450,0.25,4.7,0.22
2021-01-14,11:00:00,12:00:00,0.500,0.25,5.2,0.22
2021-01-14,12:00:00,13:00:00,0.620,0.25,5.82,0.22
2021-01-14,13:00:00,14:00:00,0.370,0.25,6.19,0.22
2021-01-14,14:00:00,15:00:00,0.310,0.25,6.5,0.22
2021-01-14,15:00:00,16:00:00,0.150,0.25,6.65,0.22
2021-01-14,16:00:00,17:00:00,0.370,0.36,7.02,0.22
2021-01-14,17:00:00,18:00:00,0.170,0.36,7.19,0.22
2021-01-14,18:00:00,19:00:00,0.330,0.36,7.52,0.22
2021-01-14,19:00:00,20:00:00,0.320,0.36,7.84,0.22
2021-01-14,20:00:00,21:00:00,0.180,0.36,8.02,0.22
2021-01-14,21:00:00,22:00:00,0.380,0.27,8.4,0.22
2021-01-14,22:00:00,23:00:00,0.130,0.27,8.53,0.22
2021-01-14,23:00:00,00:00:00,0.270,0.27,8.8,0.22
2021-01-15,00:00:00,01:00:00,0.180,0.27,0.18,0.22
2021-01-15,01:00:00,02:00:00,0.220,0.27,0.4,0.22
2021-01-15,02:00:00,03:00:00,0.280,0.27,0.68,0.22
2021-01-15,03:00:00,04:00:00,0.300,0.27,0.98,0.22
2021-01-15,04:00:00,05:00:00,0.230,0.27,1.21,0.22
2021-01-15,05:00:00,06:00:00,0.290,0.27,1.5,0.22
2021-01-15,06:00:00,07:00:00,0.210,0.27,1.71,0.22
2021-01-15,07:00:00,08:00:00,0.360,0.27,2.07,0.22
2021-01-15,08:00:00,09:00:00,0.320,0.25,2.39,0.22
2021-01-15,09:00:00,10:00:00,0.440,0.25,2.83,0.22
2021-01-15,10:00:00,11:00:00,0.310,0.25,3.14,0.22
2021-01-15,11:00:00,12:00:00,0.310,0.25,3.45,0.22
2021-01-15,12:00:00,13:00:00,0.380,0.25,3.83,0.22
2021-01-15,13:00:00,14:00:00,0.280,0.25,4.11,0.22
2021-01-15,14:00:00,15:00:00,0.380,0.25,4.49,0.22
2021-01-15,15:00:00,16:00:00,0.130,0.25,4.62,0.22
2021-01-15,16:00:00,17:00:00,0.390,0.36,5.01,0.22
2021-01-15,17:00:00,18:00:00,0.230,0.36,5.24,0.22
2021-01-15,18:00:00,19:00:00,0.290,0.36,5.53,0.22
2021-01-15,19:00:00,20:00:00,0.220,0.36,5.75,0.22
2021-01-15,20:00:00,21:00:00,0.200,0.36,5.95,0.22
2021-01-15,21:00:00,22:00:00,0.250,0.27,6.2,0.22
2021-01-15,22:00:00,23:00:00,0.240,0.27,6.44,0.22
2021-01-15,23:00:00,00:00:00,0.280,0.27,6.72,0.22
2021-01-16,00:00:00,01:00:00,0.150,0.27,0.15,0.22
2021-01-16,01:00:00,02:00:00,0.370,0.27,0.52,0.22
2021-01-16,02:00:00,03:00:00,0.280,0.27,0.8,0.22
2021-01-16,03:00:00,04:00:00,0.170,0.27,0.97,0.22
2021-01-16,04:00:00,05:00:00,0.230,0.27,1.2,0.22
2021-01-16,05:00:00,06:00:00,0.210,0.27,1.41,0.22
2021-01-16,06:00:00,07:00:00,0.180,0.27,1.59,0.22
2021-01-16,07:00:00,08:00:00,0.250,0.27,1.84,0.22
2021-01-16,08:00:00,09:00:00,0.250,0.25,2.09,0.22
2021-01-16,09:00:00,10:00:00,0.600,0.25,2.69,0.22
2021-01-16,10:00:00,11:00:00,0.250,0.25,2.94,0.22
2021-01-16,11:00:00,12:00:00,0.380,0.25,3.32,0.22
2021-01-16,12:00:00,13:00:00,0.180,0.25,3.5,0.22
2021-01-16,13:00:00,14:00:00,0.240,0.25,3.74,0.22
2021-01-16,14:00:00,15:00:00,0.320,0.25,4.06,0.22
2021-01-16,15:00:00,16:00:00,0.540,0.25,4.6,0.22
2021-01-16,16:00:00,17:00:00,1.010,0.36,5.61,0.22
2021-01-16,17:00:00,18:00:00,0.990,0.36,6.6,0.22
2021-01-16,18:00:00,19:00:00,2.000,0.36,8.6,0.22
2021-01-16,19:00:00,20:00:00,2.980,0.36,11.58,0.22
2021-01-16,20:00:00,21:00:00,0.810,0.36,12.39,0.22
2021-01-16,21:00:00,22:00:00,0.940,0.27,13.33,0.22
2021-01-16,22:00:00,23:00:00,0.820,0.27,14.15,0.22
2021-01-16,23:00:00,00:00:00,0.550,0.27,14.7,0.253
2021-01-17,00:00:00,01:00:00,0.450,0.27,0.45,0.22
2021-01-17,01:00:00,02:00:00,0.310,0.27,0.76,0.22
2021-01-17,02:00:00,03:00:00,0.420,0.27,1.18,0.22
2021-01-17,03:00:00,04:00:00,0.300,0.27,1.48,0.22
2021-01-17,04:00:00,05:00:00,0.370,0.27,1.85,0.22
2021-01-17,05:00:00,06:00:00,0.470,0.27,2.32,0.22
2021-01-17,06:00:00,07:00:00,0.330,0.27,2.65,0.22
2021-01-17,07:00:00,08:00:00,0.520,0.27,3.17,0.22
2021-01-17,08:00:00,09:00:00,0.360,0.25,3.53,0.22
2021-01-17,09:00:00,10:00:00,1.350,0.25,4.88,0.22
2021-01-17,10:00:00,11:00:00,2.090,0.25,6.97,0.22
2021-01-17,11:00:00,12:00:00,2.150,0.25,9.12,0.22
2021-01-17,12:00:00,13:00:00,2.360,0.25,11.48,0.22
2021-01-17,13:00:00,14:00:00,1.920,0.25,13.4,0.22
2021-01-17,14:00:00,15:00:00,0.570,0.25,13.97,0.22
2021-01-17,15:00:00,16:00:00,0.390,0.25,14.36,0.22
2021-01-17,16:00:00,17:00:00,0.610,0.36,14.97,0.276
2021-01-17,17:00:00,18:00:00,0.610,0.36,15.58,0.28
2021-01-17,18:00:00,19:00:00,0.700,0.36,16.28,0.28
2021-01-17,19:00:00,20:00:00,0.690,0.36,16.97,0.28
2021-01-17,20:00:00,21:00:00,0.720,0.36,17.69,0.28
2021-01-17,21:00:00,22:00:00,0.500,0.27,18.19,0.28
2021-01-17,22:00:00,23:00:00,0.540,0.27,18.73,0.28
2021-01-17,23:00:00,00:00:00,0.280,0.27,19.01,0.28
2021-01-18,00:00:00,01:00:00,0.280,0.27,0.28,0.22
2021-01-18,01:00:00,02:00:00,0.320,0.27,0.6,0.22
2021-01-18,02:00:00,03:00:00,0.220,0.27,0.82,0.22
2021-01-18,03:00:00,04:00:00,0.370,0.27,1.19,0.22
2021-01-18,04:00:00,05:00:00,0.250,0.27,1.44,0.22
2021-01-18,05:00:00,06:00:00,0.390,0.27,1.83,0.22
2021-01-18,06:00:00,07:00:00,0.280,0.27,2.11,0.22
2021-01-18,07:00:00,08:00:00,0.350,0.27,2.46,0.22
2021-01-18,08:00:00,09:00:00,0.480,0.25,2.94,0.22
2021-01-18,09:00:00,10:00:00,0.540,0.25,3.48,0.22
2021-01-18,10:00:00,11:00:00,0.560,0.25,4.04,0.22
2021-01-18,11:00:00,12:00:00,1.980,0.25,6.02,0.22
2021-01-18,12:00:00,13:00:00,2.080,0.25,8.1,0.22
2021-01-18,13:00:00,14:00:00,2.100,0.25,10.2,0.22
2021-01-18,14:00:00,15:00:00,2.190,0.25,12.39,0.22
2021-01-18,15:00:00,16:00:00,1.490,0.25,13.88,0.22
2021-01-18,16:00:00,17:00:00,0.430,0.36,14.31,0.22
2021-01-18,17:00:00,18:00:00,0.540,0.36,14.85,0.27
2021-01-18,18:00:00,19:00:00,0.690,0.36,15.54,0.28
2021-01-18,19:00:00,20:00:00,0.660,0.36,16.2,0.28
2021-01-18,20:00:00,21:00:00,0.760,0.36,16.96,0.28
2021-01-18,21:00:00,22:00:00,0.640,0.27,17.6,0.28
2021-01-18,22:00:00,23:00:00,0.440,0.27,18.04,0.28
2021-01-18,23:00:00,00:00:00,0.220,0.27,18.26,0.28
2021-01-19,00:00:00,01:00:00,0.340,0.27,0.34,0.22
2021-01-19,01:00:00,02:00:00,0.290,0.27,0.63,0.22
2021-01-19,02:00:00,03:00:00,0.280,0.27,0.91,0.22
2021-01-19,03:00:00,04:00:00,0.440,0.27,1.35,0.22
2021-01-19,04:00:00,05:00:00,0.300,0.27,1.65,0.22
2021-01-19,05:00:00,06:00:00,0.390,0.27,2.04,0.22
2021-01-19,06:00:00,07:00:00,0.300,0.27,2.34,0.22
2021-01-19,07:00:00,08:00:00,0.420,0.27,2.76,0.22
2021-01-19,08:00:00,09:00:00,0.450,0.25,3.21,0.22
2021-01-19,09:00:00,10:00:00,0.780,0.25,3.99,0.22
2021-01-19,10:00:00,11:00:00,0.750,0.25,4.74,0.22
2021-01-19,11:00:00,12:00:00,0.880,0.25,5.62,0.22
2021-01-19,12:00:00,13:00:00,0.590,0.25,6.21,0.22
2021-01-19,13:00:00,14:00:00,0.670,0.25,6.88,0.22
2021-01-19,14:00:00,15:00:00,0.560,0.25,7.44,0.22
2021-01-19,15:00:00,16:00:00,0.910,0.25,8.35,0.22
2021-01-19,16:00:00,17:00:00,0.760,0.36,9.11,0.22
2021-01-19,17:00:00,18:00:00,1.200,0.36,10.31,0.22
2021-01-19,18:00:00,19:00:00,1.060,0.36,11.37,0.22
2021-01-19,19:00:00,20:00:00,1.160,0.36,12.53,0.22
2021-01-19,20:00:00,21:00:00,0.790,0.36,13.32,0.22
2021-01-19,21:00:00,22:00:00,0.600,0.27,13.92,0.22
2021-01-19,22:00:00,23:00:00,0.580,0.27,14.5,0.23
2021-01-19,23:00:00,00:00:00,0.440,0.27,14.94,0.28
2021-01-20,00:00:00,01:00:00,0.480,0.27,0.48,0.22
2021-01-20,01:00:00,02:00:00,0.410,0.27,0.89,0.22
2021-01-20,02:00:00,03:00:00,0.480,0.27,1.37,0.22
2021-01-20,03:00:00,04:00:00,0.560,0.27,1.93,0.22
2021-01-20,04:00:00,05:00:00,0.380,0.27,2.31,0.22
2021-01-20,05:00:00,06:00:00,0.520,0.27,2.83,0.22
2021-01-20,06:00:00,07:00:00,0.480,0.27,3.31,0.22
2021-01-20,07:00:00,08:00:00,0.630,0.27,3.94,0.22
2021-01-20,08:00:00,09:00:00,0.680,0.25,4.62,0.22
2021-01-20,09:00:00,10:00:00,0.910,0.25,5.53,0.22
2021-01-20,10:00:00,11:00:00,0.800,0.25,6.33,0.22
2021-01-20,11:00:00,12:00:00,1.140,0.25,7.47,0.22
2021-01-20,12:00:00,13:00:00,0.860,0.25,8.33,0.22
2021-01-20,13:00:00,14:00:00,0.790,0.25,9.12,0.22
2021-01-20,14:00:00,15:00:00,0.730,0.25,9.85,0.22
2021-01-20,15:00:00,16:00:00,0.640,0.25,10.49,0.22
2021-01-20,16:00:00,17:00:00,0.830,0.36,11.32,0.22
2021-01-20,17:00:00,18:00:00,0.810,0.36,12.13,0.22
2021-01-20,18:00:00,19:00:00,0.960,0.36,13.09,0.22
2021-01-20,19:00:00,20:00:00,1.060,0.36,14.15,0.22
2021-01-20,20:00:00,21:00:00,0.650,0.36,14.8,0.257
2021-01-20,21:00:00,22:00:00,0.600,0.27,15.4,0.28
2021-01-20,22:00:00,23:00:00,0.640,0.27,16.04,0.28
2021-01-20,23:00:00,00:00:00,0.610,0.27,16.65,0.28
2021-01-21,00:00:00,01:00:00,0.390,0.27,0.39,0.22
2021-01-21,01:00:00,02:00:00,0.620,0.27,1.01,0.22
2021-01-21,02:00:00,03:00:00,0.540,0.27,1.55,0.22
2021-01-21,03:00:00,04:00:00,0.370,0.27,1.92,0.22
2021-01-21,04:00:00,05:00:00,0.470,0.27,2.39,0.22
2021-01-21,05:00:00,06:00:00,0.420,0.27,2.81,0.22
2021-01-21,06:00:00,07:00:00,0.300,0.27,3.11,0.22
2021-01-21,07:00:00,08:00:00,0.470,0.27,3.58,0.22
2021-01-21,08:00:00,09:00:00,0.570,0.25,4.15,0.22
2021-01-21,09:00:00,10:00:00,0.760,0.25,4.91,0.22
2021-01-21,10:00:00,11:00:00,0.630,0.25,5.54,0.22
2021-01-21,11:00:00,12:00:00,0.720,0.25,6.26,0.22
2021-01-21,12:00:00,13:00:00,0.680,0.25,6.94,0.22
2021-01-21,13:00:00,14:00:00,0.590,0.25,7.53,0.22
2021-01-21,14:00:00,15:00:00,0.590,0.25,8.12,0.22
2021-01-21,15:00:00,16:00:00,0.990,0.25,9.11,0.22
2021-01-21,16:00:00,17:00:00,0.920,0.36,10.03,0.22
2021-01-21,17:00:00,18:00:00,1.270,0.36,11.3,0.22
2021-01-21,18:00:00,19:00:00,1.100,0.36,12.4,0.22
2021-01-21,19:00:00,20:00:00,1.300,0.36,13.7,0.22
2021-01-21,20:00:00,21:00:00,0.940,0.36,14.64,0.235
2021-01-21,21:00:00,22:00:00,0.770,0.27,15.41,0.28
2021-01-21,22:00:00,23:00:00,0.540,0.27,15.95,0.28
2021-01-21,23:00:00,00:00:00,0.470,0.27,16.42,0.28
2021-01-22,00:00:00,01:00:00,0.260,0.27,0.26,0.22
2021-01-22,01:00:00,02:00:00,0.470,0.27,0.73,0.22
2021-01-22,02:00:00,03:00:00,0.280,0.27,1.01,0.22
2021-01-22,03:00:00,04:00:00,0.490,0.27,1.5,0.22
2021-01-22,04:00:00,05:00:00,0.260,0.27,1.76,0.22
2021-01-22,05:00:00,06:00:00,0.480,0.27,2.24,0.22
2021-01-22,06:00:00,07:00:00,0.410,0.27,2.65,0.22
2021-01-22,07:00:00,08:00:00,0.410,0.27,3.06,0.22
2021-01-22,08:00:00,09:00:00,0.500,0.25,3.56,0.22
2021-01-22,09:00:00,10:00:00,0.700,0.25,4.26,0.22
2021-01-22,10:00:00,11:00:00,0.750,0.25,5.01,0.22
2021-01-22,11:00:00,12:00:00,0.670,0.25,5.68,0.22
2021-01-22,12:00:00,13:00:00,1.010,0.25,6.69,0.22
2021-01-22,13:00:00,14:00:00,1.040,0.25,7.73,0.22
2021-01-22,14:00:00,15:00:00,1.080,0.25,8.81,0.22
2021-01-22,15:00:00,16:00:00,0.910,0.25,9.72,0.22
2021-01-22,16:00:00,17:00:00,0.870,0.36,10.59,0.22
2021-01-22,17:00:00,18:00:00,1.000,0.36,11.59,0.22
2021-01-22,18:00:00,19:00:00,0.940,0.36,12.53,0.22
2021-01-22,19:00:00,20:00:00,0.630,0.36,13.16,0.22
2021-01-22,20:00:00,21:00:00,0.780,0.36,13.94,0.22
2021-01-22,21:00:00,22:00:00,0.700,0.27,14.64,0.241
2021-01-22,22:00:00,23:00:00,0.790,0.27,15.43,0.28
2021-01-22,23:00:00,00:00:00,0.640,0.27,16.07,0.28
2021-01-23,00:00:00,01:00:00,0.350,0.27,0.35,0.22
2021-01-23,01:00:00,02:00:00,0.430,0.27,0.78,0.22
2021-01-23,02:00:00,03:00:00,0.420,0.27,1.2,0.22
2021-01-23,03:00:00,04:00:00,0.490,0.27,1.69,0.22
2021-01-23,04:00:00,05:00:00,0.450,0.27,2.14,0.22
2021-01-23,05:00:00,06:00:00,0.430,0.27,2.57,0.22
2021-01-23,06:00:00,07:00:00,0.490,0.27,3.06,0.22
2021-01-23,07:00:00,08:00:00,0.350,0.27,3.41,0.22
2021-01-23,08:00:00,09:00:00,0.640,0.25,4.05,0.22
2021-01-23,09:00:00,10:00:00,0.650,0.25,4.7,0.22
2021-01-23,10:00:00,11:00:00,0.740,0.25,5.44,0.22
2021-01-23,11:00:00,12:00:00,0.970,0.25,6.41,0.22
2021-01-23,12:00:00,13:00:00,1.570,0.25,7.98,0.22
2021-01-23,13:00:00,14:00:00,1.280,0.25,9.26,0.22
2021-01-23,14:00:00,15:00:00,1.540,0.25,10.8,0.22
2021-01-23,15:00:00,16:00:00,1.490,0.25,12.29,0.22
2021-01-23,16:00:00,17:00:00,1.220,0.36,13.51,0.22
2021-01-23,17:00:00,18:00:00,1.050,0.36,14.56,0.229
2021-01-23,18:00:00,19:00:00,0.950,0.36,15.51,0.28
2021-01-23,19:00:00,20:00:00,1.260,0.36,16.77,0.28
2021-01-23,20:00:00,21:00:00,0.850,0.36,17.62,0.28
2021-01-23,21:00:00,22:00:00,0.750,0.27,18.37,0.28
2021-01-23,22:00:00,23:00:00,0.680,0.27,19.05,0.28
2021-01-23,23:00:00,00:00:00,0.560,0.27,19.61,0.28
2021-01-24,00:00:00,01:00:00,0.620,0.27,0.62,0.22
2021-01-24,01:00:00,02:00:00,0.650,0.27,1.27,0.22
2021-01-24,02:00:00,03:00:00,0.550,0.27,1.82,0.22
2021-01-24,03:00:00,04:00:00,0.700,0.27,2.52,0.22
2021-01-24,04:00:00,05:00:00,0.610,0.27,3.13,0.22
2021-01-24,05:00:00,06:00:00,0.670,0.27,3.8,0.22
2021-01-24,06:00:00,07:00:00,0.610,0.27,4.41,0.22
2021-01-24,07:00:00,08:00:00,0.600,0.27,5.01,0.22
2021-01-24,08:00:00,09:00:00,0.700,0.25,5.71,0.22
2021-01-24,09:00:00,10:00:00,1.510,0.25,7.22,0.22
2021-01-24,10:00:00,11:00:00,1.520,0.25,8.74,0.22
2021-01-24,11:00:00,12:00:00,1.960,0.25,10.7,0.22
2021-01-24,12:00:00,13:00:00,0.900,0.25,11.6,0.22
2021-01-24,13:00:00,14:00:00,0.860,0.25,12.46,0.22
2021-01-24,14:00:00,15:00:00,2.180,0.25,14.64,0.227
2021-01-24,15:00:00,16:00:00,1.580,0.25,16.22,0.28
2021-01-24,16:00:00,17:00:00,1.390,0.36,17.61,0.28
2021-01-24,17:00:00,18:00:00,1.100,0.36,18.71,0.28
2021-01-24,18:00:00,19:00:00,0.990,0.36,19.7,0.28
2021-01-24,19:00:00,20:00:00,1.140,0.36,20.84,0.28
2021-01-24,20:00:00,21:00:00,0.980,0.36,21.82,0.28
2021-01-24,21:00:00,22:00:00,0.740,0.27,22.56,0.28
2021-01-24,22:00:00,23:00:00,0.610,0.27,23.17,0.28
2021-01-24,23:00:00,00:00:00,0.630,0.27,23.8,0.28
2021-01-25,00:00:00,01:00:00,0.720,0.27,0.72,0.22
2021-01-25,01:00:00,02:00:00,0.750,0.27,1.47,0.22
2021-01-25,02:00:00,03:00:00,0.620,0.27,2.09,0.22
2021-01-25,03:00:00,04:00:00,0.700,0.27,2.79,0.22
2021-01-25,04:00:00,05:00:00,0.600,0.27,3.39,0.22
2021-01-25,05:00:00,06:00:00,0.690,0.27,4.08,0.22
2021-01-25,06:00:00,07:00:00,0.540,0.27,4.62,0.22
2021-01-25,07:00:00,08:00:00,0.650,0.27,5.27,0.22
2021-01-25,08:00:00,09:00:00,0.690,0.25,5.96,0.22
2021-01-25,09:00:00,10:00:00,0.990,0.25,6.95,0.22
2021-01-25,10:00:00,11:00:00,1.750,0.25,8.7,0.22
2021-01-25,11:00:00,12:00:00,1.430,0.25,10.13,0.22
2021-01-25,12:00:00,13:00:00,1.690,0.25,11.82,0.22
2021-01-25,13:00:00,14:00:00,2.460,0.25,14.28,0.22
2021-01-25,14:00:00,15:00:00,2.290,0.25,16.57,0.277
2021-01-25,15:00:00,16:00:00,2.540,0.25,19.11,0.28
2021-01-25,16:00:00,17:00:00,2.400,0.36,21.51,0.28
2021-01-25,17:00:00,18:00:00,2.380,0.36,23.89,0.28
2021-01-25,18:00:00,19:00:00,2.360,0.36,26.25,0.28
2021-01-25,19:00:00,20:00:00,2.690,0.36,28.94,0.28
2021-01-25,20:00:00,21:00:00,2.480,0.36,31.42,0.28
2021-01-25,21:00:00,22:00:00,2.500,0.27,33.92,0.28
2021-01-25,22:00:00,23:00:00,2.270,0.27,36.19,0.28
2021-01-25,23:00:00,00:00:00,2.320,0.27,38.51,0.28
2021-01-26,00:00:00,01:00:00,2.200,0.27,2.2,0.22
2021-01-26,01:00:00,02:00:00,2.320,0.27,4.52,0.22
2021-01-26,02:00:00,03:00:00,2.290,0.27,6.81,0.22
2021-01-26,03:00:00,04:00:00,2.150,0.27,8.96,0.22
2021-01-26,04:00:00,05:00:00,2.250,0.27,11.21,0.22
2021-01-26,05:00:00,06:00:00,2.110,0.27,13.32,0.22
2021-01-26,06:00:00,07:00:00,2.230,0.27,15.55,0.251
2021-01-26,07:00:00,08:00:00,2.080,0.27,17.63,0.28
2021-01-26,08:00:00,09:00:00,2.510,0.25,20.14,0.28
2021-01-26,09:00:00,10:00:00,1.640,0.25,21.78,0.28
2021-01-26,10:00:00,11:00:00,1.320,0.25,23.1,0.28
2021-01-26,11:00:00,12:00:00,1.300,0.25,24.4,0.28
2021-01-26,12:00:00,13:00:00,1.310,0.25,25.71,0.28
2021-01-26,13:00:00,14:00:00,1.140,0.25,26.85,0.28
2021-01-26,14:00:00,15:00:00,1.220,0.25,28.07,0.28
2021-01-26,15:00:00,16:00:00,1.170,0.25,29.24,0.28
2021-01-26,16:00:00,17:00:00,1.150,0.36,30.39,0.28
2021-01-26,17:00:00,18:00:00,1.280,0.36,31.67,0.28
2021-01-26,18:00:00,19:00:00,1.230,0.36,32.9,0.28
2021-01-26,19:00:00,20:00:00,1.270,0.36,34.17,0.28
2021-01-26,20:00:00,21:00:00,1.060,0.36,35.23,0.28
2021-01-26,21:00:00,22:00:00,1.150,0.27,36.38,0.28
2021-01-26,22:00:00,23:00:00,0.970,0.27,37.35,0.28
2021-01-26,23:00:00,00:00:00,0.960,0.27,38.31,0.28
2021-01-27,00:00:00,01:00:00,0.730,0.27,0.73,0.22
2021-01-27,01:00:00,02:00:00,0.950,0.27,1.68,0.22
2021-01-27,02:00:00,03:00:00,0.850,0.27,2.53,0.22
2021-01-27,03:00:00,04:00:00,0.970,0.27,3.5,0.22
2021-01-27,04:00:00,05:00:00,0.930,0.27,4.43,0.22
2021-01-27,05:00:00,06:00:00,0.830,0.27,5.26,0.22
2021-01-27,06:00:00,07:00:00,0.880,0.27,6.14,0.22
2021-01-27,07:00:00,08:00:00,0.890,0.27,7.03,0.22
2021-01-27,08:00:00,09:00:00,1.010,0.25,8.04,0.22
2021-01-27,09:00:00,10:00:00,1.180,0.25,9.22,0.22
2021-01-27,10:00:00,11:00:00,1.220,0.25,10.44,0.22
2021-01-27,11:00:00,12:00:00,1.130,0.25,11.57,0.22
2021-01-27,12:00:00,13:00:00,1.100,0.25,12.67,0.22
2021-01-27,13:00:00,14:00:00,1.220,0.25,13.89,0.22
2021-01-27,14:00:00,15:00:00,1.200,0.25,15.09,0.255
2021-01-27,15:00:00,16:00:00,1.140,0.25,16.23,0.28
2021-01-27,16:00:00,17:00:00,1.080,0.36,17.31,0.28
2021-01-27,17:00:00,18:00:00,1.150,0.36,18.46,0.28
2021-01-27,18:00:00,19:00:00,1.150,0.36,19.61,0.28
2021-01-27,19:00:00,20:00:00,1.260,0.36,20.87,0.28
2021-01-27,20:00:00,21:00:00,1.450,0.36,22.32,0.28
2021-01-27,21:00:00,22:00:00,1.330,0.27,23.65,0.28
2021-01-27,22:00:00,23:00:00,1.960,0.27,25.61,0.28
2021-01-27,23:00:00,00:00:00,1.210,0.27,26.82,0.28
2021-01-28,00:00:00,01:00:00,0.900,0.27,0.9,0.22
2021-01-28,01:00:00,02:00:00,1.000,0.27,1.9,0.22
2021-01-28,02:00:00,03:00:00,0.960,0.27,2.86,0.22
2021-01-28,03:00:00,04:00:00,0.840,0.27,3.7,0.22
2021-01-28,04:00:00,05:00:00,1.060,0.27,4.76,0.22
2021-01-28,05:00:00,06:00:00,0.930,0.27,5.69,0.22
2021-01-28,06:00:00,07:00:00,0.850,0.27,6.54,0.22
2021-01-28,07:00:00,08:00:00,0.900,0.27,7.44,0.22
2021-01-28,08:00:00,09:00:00,1.030,0.25,8.47,0.22
2021-01-28,09:00:00,10:00:00,1.810,0.25,10.28,0.22
2021-01-28,10:00:00,11:00:00,1.200,0.25,11.48,0.22
2021-01-28,11:00:00,12:00:00,1.180,0.25,12.66,0.22
2021-01-28,12:00:00,13:00:00,1.020,0.25,13.68,0.22
2021-01-28,13:00:00,14:00:00,0.910,0.25,14.59,0.233
2021-01-28,14:00:00,15:00:00,0.980,0.25,15.57,0.28
2021-01-28,15:00:00,16:00:00,1.060,0.25,16.63,0.28
2021-01-28,16:00:00,17:00:00,1.150,0.36,17.78,0.28
2021-01-28,17:00:00,18:00:00,1.000,0.36,18.78,0.28
2021-01-28,18:00:00,19:00:00,1.200,0.36,19.98,0.28
2021-01-28,19:00:00,20:00:00,1.120,0.36,21.1,0.28
2021-01-28,20:00:00,21:00:00,1.110,0.36,22.21,0.28
2021-01-28,21:00:00,22:00:00,1.180,0.27,23.39,0.28
2021-01-28,22:00:00,23:00:00,1.130,0.27,24.52,0.28
2021-01-28,23:00:00,00:00:00,0.870,0.27,25.39,0.28
2021-01-29,00:00:00,01:00:00,0.740,0.27,0.74,0.22
2021-01-29,01:00:00,02:00:00,0.690,0.27,1.43,0.22
2021-01-29,02:00:00,03:00:00,0.580,0.27,2.01,0.22
2021-01-29,03:00:00,04:00:00,0.700,0.27,2.71,0.22
2021-01-29,04:00:00,05:00:00,0.660,0.27,3.37,0.22
2021-01-29,05:00:00,06:00:00,0.760,0.27,4.13,0.22
2021-01-29,06:00:00,07:00:00,0.690,0.27,4.82,0.22
2021-01-29,07:00:00,08:00:00,0.890,0.27,5.71,0.22
2021-01-29,08:00:00,09:00:00,1.080,0.25,6.79,0.22
2021-01-29,09:00:00,10:00:00,1.730,0.25,8.52,0.22
2021-01-29,10:00:00,11:00:00,1.520,0.25,10.04,0.22
2021-01-29,11:00:00,12:00:00,0.920,0.25,10.96,0.22
2021-01-29,12:00:00,13:00:00,1.080,0.25,12.04,0.22
2021-01-29,13:00:00,14:00:00,0.950,0.25,12.99,0.22
2021-01-29,14:00:00,15:00:00,1.210,0.25,14.2,0.22
2021-01-29,15:00:00,16:00:00,1.160,0.25,15.36,0.27
2021-01-29,16:00:00,17:00:00,1.800,0.36,17.16,0.28
2021-01-29,17:00:00,18:00:00,1.640,0.36,18.8,0.28
2021-01-29,18:00:00,19:00:00,0.850,0.36,19.65,0.28
2021-01-29,19:00:00,20:00:00,0.730,0.36,20.38,0.28
2021-01-29,20:00:00,21:00:00,0.810,0.36,21.19,0.28
2021-01-29,21:00:00,22:00:00,0.750,0.27,21.94,0.28
2021-01-29,22:00:00,23:00:00,0.720,0.27,22.66,0.28
2021-01-29,23:00:00,00:00:00,0.590,0.27,23.25,0.28
2021-01-30,00:00:00,01:00:00,0.790,0.27,0.79,0.22
2021-01-30,01:00:00,02:00:00,0.700,0.27,1.49,0.22
2021-01-30,02:00:00,03:00:00,0.770,0.27,2.26,0.22
2021-01-30,03:00:00,04:00:00,0.500,0.27,2.76,0.22
2021-01-30,04:00:00,05:00:00,0.580,0.27,3.34,0.22
2021-01-30,05:00:00,06:00:00,0.610,0.27,3.95,0.22
2021-01-30,06:00:00,07:00:00,0.530,0.27,4.48,0.22
2021-01-30,07:00:00,08:00:00,0.760,0.27,5.24,0.22
2021-01-30,08:00:00,09:00:00,0.660,0.25,5.9,0.22
2021-01-30,09:00:00,10:00:00,0.860,0.25,6.76,0.22
2021-01-30,10:00:00,11:00:00,1.150,0.25,7.91,0.22
2021-01-30,11:00:00,12:00:00,1.090,0.25,9.0,0.22
2021-01-30,12:00:00,13:00:00,0.970,0.25,9.97,0.22
2021-01-30,13:00:00,14:00:00,1.130,0.25,11.1,0.22
2021-01-30,14:00:00,15:00:00,1.460,0.25,12.56,0.22
2021-01-30,15:00:00,16:00:00,0.900,0.25,13.46,0.22
2021-01-30,16:00:00,17:00:00,0.810,0.36,14.27,0.22
2021-01-30,17:00:00,18:00:00,1.150,0.36,15.42,0.273
2021-01-30,18:00:00,19:00:00,0.920,0.36,16.34,0.28
2021-01-30,19:00:00,20:00:00,1.030,0.36,17.37,0.28
2021-01-30,20:00:00,21:00:00,0.890,0.36,18.26,0.28
2021-01-30,21:00:00,22:00:00,0.870,0.27,19.13,0.28
2021-01-30,22:00:00,23:00:00,0.820,0.27,19.95,0.28
2021-01-30,23:00:00,00:00:00,0.770,0.27,20.72,0.28
2021-01-31,00:00:00,01:00:00,0.770,0.27,0.77,0.22
2021-01-31,01:00:00,02:00:00,0.930,0.27,1.7,0.22
2021-01-31,02:00:00,03:00:00,0.730,0.27,2.43,0.22
2021-01-31,03:00:00,04:00:00,0.640,0.27,3.07,0.22
2021-01-31,04:00:00,05:00:00,0.690,0.27,3.76,0.22
2021-01-31,05:00:00,06:00:00,0.670,0.27,4.43,0.22
2021-01-31,06:00:00,07:00:00,0.710,0.27,5.14,0.22
2021-01-31,07:00:00,08:00:00,0.630,0.27,5.77,0.22
2021-01-31,08:00:00,09:00:00,0.730,0.25,6.5,0.22
2021-01-31,09:00:00,10:00:00,0.980,0.25,7.48,0.22
2021-01-31,10:00:00,11:00:00,0.730,0.25,8.21,0.22
2021-01-31,11:00:00,12:00:00,0.740,0.25,8.95,0.22
2021-01-31,12:00:00,13:00:00,0.610,0.25,9.56,0.22
2021-01-31,13:00:00,14:00:00,0.630,0.25,10.19,0.22
2021-01-31,14:00:00,15:00:00,0.700,0.25,10.89,0.22
2021-01-31,15:00:00,16:00:00,0.900,0.25,11.79,0.22
2021-01-31,16:00:00,17:00:00,0.730,0.36,12.52,0.22
2021-01-31,17:00:00,18:00:00,1.090,0.36,13.61,0.22
2021-01-31,18:00:00,19:00:00,0.650,0.36,14.26,0.22
2021-01-31,19:00:00,20:00:00,1.400,0.36,15.66,0.274
2021-01-31,20:00:00,21:00:00,0.800,0.36,16.46,0.28
2021-01-31,21:00:00,22:00:00,0.740,0.27,17.2,0.28
2021-01-31,22:00:00,23:00:00,0.730,0.27,17.93,0.28
2021-01-31,23:00:00,00:00:00,0.580,0.27,18.51,0.28
2021-02-01,00:00:00,01:00:00,0.610,0.27,0.61,0.22
2021-02-01,01:00:00,02:00:00,0.510,0.27,1.12,0.22
2021-02-01,02:00:00,03:00:00,0.540,0.27,1.66,0.22
2021-02-01,03:00:00,04:00:00,0.570,0.27,2.23,0.22
2021-02-01,04:00:00,05:00:00,0.620,0.27,2.85,0.22
2021-02-01,05:00:00,06:00:00,0.700,0.27,3.55,0.22
2021-02-01,06:00:00,07:00:00,0.500,0.27,4.05,0.22
2021-02-01,07:00:00,08:00:00,0.650,0.27,4.7,0.22
2021-02-01,08:00:00,09:00:00,0.990,0.25,5.69,0.22
2021-02-01,09:00:00,10:00:00,1.010,0.25,6.7,0.22
2021-02-01,10:00:00,11:00:00,1.110,0.25,7.81,0.22
2021-02-01,11:00:00,12:00:00,0.730,0.25,8.54,0.22
2021-02-01,12:00:00,13:00:00,0.750,0.25,9.29,0.22
2021-02-01,13:00:00,14:00:00,0.950,0.25,10.24,0.22
2021-02-01,14:00:00,15:00:00,0.780,0.25,11.02,0.22
2021-02-01,15:00:00,16:00:00,0.890,0.25,11.91,0.22
2021-02-01,16:00:00,17:00:00,0.890,0.36,12.8,0.22
2021-02-01,17:00:00,18:00:00,1.320,0.36,14.12,0.22
2021-02-01,18:00:00,19:00:00,0.840,0.36,14.96,0.26
2021-02-01,19:00:00,20:00:00,1.130,0.36,16.09,0.28
2021-02-01,20:00:00,21:00:00,1.150,0.36,17.24,0.28
2021-02-01,21:00:00,22:00:00,0.800,0.27,18.04,0.28
2021-02-01,22:00:00,23:00:00,0.630,0.27,18.67,0.28
2021-02-01,23:00:00,00:00:00,0.710,0.27,19.38,0.28
2021-02-02,00:00:00,01:00:00,0.410,0.27,0.41,0.22
2021-02-02,01:00:00,02:00:00,0.370,0.27,0.78,0.22
2021-02-02,02:00:00,03:00:00,0.490,0.27,1.27,0.22
2021-02-02,03:00:00,04:00:00,0.270,0.27,1.54,0.22
2021-02-02,04:00:00,05:00:00,0.500,0.27,2.04,0.22
2021-02-02,05:00:00,06:00:00,0.440,0.27,2.48,0.22
2021-02-02,06:00:00,07:00:00,0.460,0.27,2.94,0.22
2021-02-02,07:00:00,08:00:00,0.380,0.27,3.32,0.22
2021-02-02,08:00:00,09:00:00,0.670,0.25,3.99,0.22
2021-02-02,09:00:00,10:00:00,0.830,0.25,4.82,0.22
2021-02-02,10:00:00,11:00:00,0.670,0.25,5.49,0.22
2021-02-02,11:00:00,12:00:00,0.770,0.25,6.26,0.22
2021-02-02,12:00:00,13:00:00,0.640,0.25,6.9,0.22
2021-02-02,13:00:00,14:00:00,0.800,0.25,7.7,0.22
2021-02-02,14:00:00,15:00:00,0.680,0.25,8.38,0.22
2021-02-02,15:00:00,16:00:00,0.850,0.25,9.23,0.22
2021-02-02,16:00:00,17:00:00,0.730,0.36,9.96,0.22
2021-02-02,17:00:00,18:00:00,1.080,0.36,11.04,0.22
2021-02-02,18:00:00,19:00:00,2.130,0.36,13.17,0.22
2021-02-02,19:00:00,20:00:00,1.950,0.36,15.12,0.242
2021-02-02,20:00:00,21:00:00,1.990,0.36,17.11,0.28
2021-02-02,21:00:00,22:00:00,1.860,0.27,18.97,0.28
2021-02-02,22:00:00,23:00:00,1.500,0.27,20.47,0.28
2021-02-02,23:00:00,00:00:00,0.610,0.27,21.08,0.28
2021-02-03,00:00:00,01:00:00,0.430,0.27,0.43,0.22
2021-02-03,01:00:00,02:00:00,0.540,0.27,0.97,0.22
2021-02-03,02:00:00,03:00:00,0.380,0.27,1.35,0.22
2021-02-03,03:00:00,04:00:00,0.420,0.27,1.77,0.22
2021-02-03,04:00:00,05:00:00,0.530,0.27,2.3,0.22
2021-02-03,05:00:00,06:00:00,0.350,0.27,2.65,0.22
2021-02-03,06:00:00,07:00:00,0.530,0.27,3.18,0.22
2021-02-03,07:00:00,08:00:00,0.450,0.27,3.63,0.22
2021-02-03,08:00:00,09:00:00,0.570,0.25,4.2,0.22
2021-02-03,09:00:00,10:00:00,0.910,0.25,5.11,0.22
2021-02-03,10:00:00,11:00:00,0.520,0.25,5.63,0.22
2021-02-03,11:00:00,12:00:00,0.690,0.25,6.32,0.22
2021-02-03,12:00:00,13:00:00,0.830,0.25,7.15,0.22
2021-02-03,13:00:00,14:00:00,0.760,0.25,7.91,0.22
2021-02-03,14:00:00,15:00:00,0.790,0.25,8.7,0.22
2021-02-03,15:00:00,16:00:00,0.570,0.25,9.27,0.22
2021-02-03,16:00:00,17:00:00,0.610,0.36,9.88,0.22
2021-02-03,17:00:00,18:00:00,0.830,0.36,10.71,0.22
2021-02-03,18:00:00,19:00:00,0.730,0.36,11.44,0.22
2021-02-03,19:00:00,20:00:00,0.720,0.36,12.16,0.22
2021-02-03,20:00:00,21:00:00,0.780,0.36,12.94,0.22
2021-02-03,21:00:00,22:00:00,0.750,0.27,13.69,0.22
2021-02-03,22:00:00,23:00:00,0.600,0.27,14.29,0.22
2021-02-03,23:00:00,00:00:00,0.660,0.27,14.95,0.27
2021-02-04,00:00:00,01:00:00,0.510,0.27,0.51,0.22
2021-02-04,01:00:00,02:00:00,0.530,0.27,1.04,0.22
2021-02-04,02:00:00,03:00:00,0.560,0.27,1.6,0.22
2021-02-04,03:00:00,04:00:00,0.580,0.27,2.18,0.22
2021-02-04,04:00:00,05:00:00,0.570,0.27,2.75,0.22
2021-02-04,05:00:00,06:00:00,0.500,0.27,3.25,0.22
2021-02-04,06:00:00,07:00:00,0.610,0.27,3.86,0.22
2021-02-04,07:00:00,08:00:00,0.510,0.27,4.37,0.22
2021-02-04,08:00:00,09:00:00,1.020,0.25,5.39,0.22
2021-02-04,09:00:00,10:00:00,0.960,0.25,6.35,0.22
2021-02-04,10:00:00,11:00:00,0.800,0.25,7.15,0.22
2021-02-04,11:00:00,12:00:00,0.750,0.25,7.9,0.22
2021-02-04,12:00:00,13:00:00,0.880,0.25,8.78,0.22
2021-02-04,13:00:00,14:00:00,0.720,0.25,9.5,0.22
2021-02-04,14:00:00,15:00:00,0.730,0.25,10.23,0.22
2021-02-04,15:00:00,16:00:00,0.790,0.25,11.02,0.22
2021-02-04,16:00:00,17:00:00,0.680,0.36,11.7,0.22
2021-02-04,17:00:00,18:00:00,0.660,0.36,12.36,0.22
2021-02-04,18:00:00,19:00:00,0.770,0.36,13.13,0.22
2021-02-04,19:00:00,20:00:00,0.650,0.36,13.78,0.22
2021-02-04,20:00:00,21:00:00,0.840,0.36,14.62,0.236
2021-02-04,21:00:00,22:00:00,0.800,0.27,15.42,0.28
2021-02-04,22:00:00,23:00:00,0.590,0.27,16.01,0.28
2021-02-04,23:00:00,00:00:00,0.660,0.27,16.67,0.28
2021-02-05,00:00:00,01:00:00,0.400,0.27,0.4,0.22
2021-02-05,01:00:00,02:00:00,0.460,0.27,0.86,0.22
2021-02-05,02:00:00,03:00:00,0.530,0.27,1.39,0.22
2021-02-05,03:00:00,04:00:00,0.530,0.27,1.92,0.22
2021-02-05,04:00:00,05:00:00,0.480,0.27,2.4,0.22
2021-02-05,05:00:00,06:00:00,0.470,0.27,2.87,0.22
2021-02-05,06:00:00,07:00:00,0.670,0.27,3.54,0.22
2021-02-05,07:00:00,08:00:00,0.570,0.27,4.11,0.22
2021-02-05,08:00:00,09:00:00,0.610,0.25,4.72,0.22
2021-02-05,09:00:00,10:00:00,0.810,0.25,5.53,0.22
2021-02-05,10:00:00,11:00:00,0.690,0.25,6.22,0.22
2021-02-05,11:00:00,12:00:00,0.660,0.25,6.88,0.22
2021-02-05,12:00:00,13:00:00,0.890,0.25,7.77,0.22
2021-02-05,13:00:00,14:00:00,0.700,0.25,8.47,0.22
2021-02-05,14:00:00,15:00:00,0.700,0.25,9.17,0.22
2021-02-05,15:00:00,16:00:00,0.570,0.25,9.74,0.22
2021-02-05,16:00:00,17:00:00,0.720,0.36,10.46,0.22
2021-02-05,17:00:00,18:00:00,0.840,0.36,11.3,0.22
2021-02-05,18:00:00,19:00:00,0.870,0.36,12.17,0.22
2021-02-05,19:00:00,20:00:00,0.680,0.36,12.85,0.22
2021-02-05,20:00:00,21:00:00,0.490,0.36,13.34,0.22
2021-02-05,21:00:00,22:00:00,0.560,0.27,13.9,0.22
2021-02-05,22:00:00,23:00:00,0.640,0.27,14.54,0.233
2021-02-05,23:00:00,00:00:00,0.520,0.27,15.06,0.28
2021-02-06,00:00:00,01:00:00,0.530,0.27,0.53,0.22
2021-02-06,01:00:00,02:00:00,0.390,0.27,0.92,0.22
2021-02-06,02:00:00,03:00:00,0.470,0.27,1.39,0.22
2021-02-06,03:00:00,04:00:00,0.440,0.27,1.83,0.22
2021-02-06,04:00:00,05:00:00,0.710,0.27,2.54,0.22
2021-02-06,05:00:00,06:00:00,0.410,0.27,2.95,0.22
2021-02-06,06:00:00,07:00:00,0.570,0.27,3.52,0.22
2021-02-06,07:00:00,08:00:00,0.470,0.27,3.99,0.22
2021-02-06,08:00:00,09:00:00,0.560,0.25,4.55,0.22
2021-02-06,09:00:00,10:00:00,0.690,0.25,5.24,0.22
2021-02-06,10:00:00,11:00:00,0.590,0.25,5.83,0.22
2021-02-06,11:00:00,12:00:00,0.530,0.25,6.36,0.22
2021-02-06,12:00:00,13:00:00,0.410,0.25,6.77,0.22
2021-02-06,13:00:00,14:00:00,0.380,0.25,7.15,0.22
2021-02-06,14:00:00,15:00:00,0.460,0.25,7.61,0.22
2021-02-06,15:00:00,16:00:00,0.510,0.25,8.12,0.22
2021-02-06,16:00:00,17:00:00,0.380,0.36,8.5,0.22
2021-02-06,17:00:00,18:00:00,0.670,0.36,9.17,0.22
2021-02-06,18:00:00,19:00:00,0.580,0.36,9.75,0.22
2021-02-06,19:00:00,20:00:00,0.380,0.36,10.13,0.22
2021-02-06,20:00:00,21:00:00,0.500,0.36,10.63,0.22
2021-02-06,21:00:00,22:00:00,0.460,0.27,11.09,0.22
2021-02-06,22:00:00,23:00:00,0.510,0.27,11.6,0.22
2021-02-06,23:00:00,00:00:00,0.400,0.27,12.0,0.22
2021-02-07,00:00:00,01:00:00,0.330,0.27,0.33,0.22
2021-02-07,01:00:00,02:00:00,0.350,0.27,0.68,0.22
2021-02-07,02:00:00,03:00:00,0.250,0.27,0.93,0.22
2021-02-07,03:00:00,04:00:00,0.440,0.27,1.37,0.22
2021-02-07,04:00:00,05:00:00,0.350,0.27,1.72,0.22
2021-02-07,05:00:00,06:00:00,0.390,0.27,2.11,0.22
2021-02-07,06:00:00,07:00:00,0.370,0.27,2.48,0.22
2021-02-07,07:00:00,08:00:00,0.420,0.27,2.9,0.22
2021-02-07,08:00:00,09:00:00,0.480,0.25,3.38,0.22
2021-02-07,09:00:00,10:00:00,0.870,0.25,4.25,0.22
2021-02-07,10:00:00,11:00:00,0.830,0.25,5.08,0.22
2021-02-07,11:00:00,12:00:00,0.810,0.25,5.89,0.22
2021-02-07,12:00:00,13:00:00,0.620,0.25,6.51,0.22
2021-02-07,13:00:00,14:00:00,0.250,0.25,6.76,0.22
2021-02-07,14:00:00,15:00:00,0.540,0.25,7.3,0.22
2021-02-07,15:00:00,16:00:00,0.830,0.25,8.13,0.22
2021-02-07,16:00:00,17:00:00,0.860,0.36,8.99,0.22
2021-02-07,17:00:00,18:00:00,2.190,0.36,11.18,0.22
2021-02-07,18:00:00,19:00:00,2.150,0.36,13.33,0.22
2021-02-07,19:00:00,20:00:00,1.850,0.36,15.18,0.245
2021-02-07,20:00:00,21:00:00,2.110,0.36,17.29,0.28
2021-02-07,21:00:00,22:00:00,0.780,0.27,18.07,0.28
2021-02-07,22:00:00,23:00:00,0.640,0.27,18.71,0.28
2021-02-07,23:00:00,00:00:00,0.600,0.27,19.31,0.28
2021-02-08,00:00:00,01:00:00,0.410,0.27,0.41,0.22
2021-02-08,01:00:00,02:00:00,0.460,0.27,0.87,0.22
2021-02-08,02:00:00,03:00:00,0.400,0.27,1.27,0.22
2021-02-08,03:00:00,04:00:00,0.360,0.27,1.63,0.22
2021-02-08,04:00:00,05:00:00,0.440,0.27,2.07,0.22
2021-02-08,05:00:00,06:00:00,0.360,0.27,2.43,0.22
2021-02-08,06:00:00,07:00:00,0.490,0.27,2.92,0.22
2021-02-08,07:00:00,08:00:00,0.400,0.27,3.32,0.22
2021-02-08,08:00:00,09:00:00,0.600,0.25,3.92,0.22
2021-02-08,09:00:00,10:00:00,0.930,0.25,4.85,0.22
2021-02-08,10:00:00,11:00:00,0.810,0.25,5.66,0.22
2021-02-08,11:00:00,12:00:00,0.790,0.25,6.45,0.22
2021-02-08,12:00:00,13:00:00,0.770,0.25,7.22,0.22
2021-02-08,13:00:00,14:00:00,0.750,0.25,7.97,0.22
2021-02-08,14:00:00,15:00:00,0.660,0.25,8.63,0.22
2021-02-08,15:00:00,16:00:00,0.570,0.25,9.2,0.22
2021-02-08,16:00:00,17:00:00,0.830,0.36,10.03,0.22
2021-02-08,17:00:00,18:00:00,0.600,0.36,10.63,0.22
2021-02-08,18:00:00,19:00:00,1.010,0.36,11.64,0.22
2021-02-08,19:00:00,20:00:00,0.770,0.36,12.41,0.22
2021-02-08,20:00:00,21:00:00,0.540,0.36,12.95,0.22
2021-02-08,21:00:00,22:00:00,0.600,0.27,13.55,0.22
2021-02-08,22:00:00,23:00:00,0.670,0.27,14.22,0.22
2021-02-08,23:00:00,00:00:00,0.440,0.27,14.66,0.255
2021-02-09,00:00:00,01:00:00,0.440,0.27,0.44,0.22
2021-02-09,01:00:00,02:00:00,0.370,0.27,0.81,0.22
2021-02-09,02:00:00,03:00:00,0.360,0.27,1.17,0.22
2021-02-09,03:00:00,04:00:00,0.440,0.27,1.61,0.22
2021-02-09,04:00:00,05:00:00,0.310,0.27,1.92,0.22
2021-02-09,05:00:00,06:00:00,0.520,0.27,2.44,0.22
2021-02-09,06:00:00,07:00:00,0.320,0.27,2.76,0.22
2021-02-09,07:00:00,08:00:00,0.560,0.27,3.32,0.22
2021-02-09,08:00:00,09:00:00,0.820,0.25,4.14,0.22
2021-02-09,09:00:00,10:00:00,0.850,0.25,4.99,0.22
2021-02-09,10:00:00,11:00:00,0.710,0.25,5.7,0.22
2021-02-09,11:00:00,12:00:00,0.700,0.25,6.4,0.22
2021-02-09,12:00:00,13:00:00,0.920,0.25,7.32,0.22
2021-02-09,13:00:00,14:00:00,0.640,0.25,7.96,0.22
2021-02-09,14:00:00,15:00:00,0.790,0.25,8.75,0.22
2021-02-09,15:00:00,16:00:00,0.980,0.25,9.73,0.22
2021-02-09,16:00:00,17:00:00,0.680,0.36,10.41,0.22
2021-02-09,17:00:00,18:00:00,0.460,0.36,10.87,0.22
2021-02-09,18:00:00,19:00:00,0.620,0.36,11.49,0.22
2021-02-09,19:00:00,20:00:00,0.470,0.36,11.96,0.22
2021-02-09,20:00:00,21:00:00,0.570,0.36,12.53,0.22
2021-02-09,21:00:00,22:00:00,0.650,0.27,13.18,0.22
2021-02-09,22:00:00,23:00:00,0.440,0.27,13.62,0.22
2021-02-09,23:00:00,00:00:00,0.350,0.27,13.97,0.22
2021-02-10,00:00:00,01:00:00,0.230,0.27,0.23,0.22
2021-02-10,01:00:00,02:00:00,0.320,0.27,0.55,0.22
2021-02-10,02:00:00,03:00:00,0.290,0.27,0.84,0.22
2021-02-10,03:00:00,04:00:00,0.250,0.27,1.09,0.22
2021-02-10,04:00:00,05:00:00,0.330,0.27,1.42,0.22
2021-02-10,05:00:00,06:00:00,0.310,0.27,1.73,0.22
2021-02-10,06:00:00,07:00:00,0.420,0.27,2.15,0.22
2021-02-10,07:00:00,08:00:00,0.260,0.27,2.41,0.22
2021-02-10,08:00:00,09:00:00,1.040,0.25,3.45,0.22
2021-02-10,09:00:00,10:00:00,1.190,0.25,4.64,0.22
2021-02-10,10:00:00,11:00:00,0.920,0.25,5.56,0.22
2021-02-10,11:00:00,12:00:00,1.100,0.25,6.66,0.22
2021-02-10,12:00:00,13:00:00,0.840,0.25,7.5,0.22
2021-02-10,13:00:00,14:00:00,0.810,0.25,8.31,0.22
2021-02-10,14:00:00,15:00:00,0.640,0.25,8.95,0.22
2021-02-10,15:00:00,16:00:00,0.790,0.25,9.74,0.22
2021-02-10,16:00:00,17:00:00,0.730,0.36,10.47,0.22
2021-02-10,17:00:00,18:00:00,0.750,0.36,11.22,0.22
2021-02-10,18:00:00,19:00:00,0.960,0.36,12.18,0.22
2021-02-10,19:00:00,20:00:00,0.710,0.36,12.89,0.22
2021-02-10,20:00:00,21:00:00,0.650,0.36,13.54,0.22
2021-02-10,21:00:00,22:00:00,0.640,0.27,14.18,0.22
2021-02-10,22:00:00,23:00:00,0.640,0.27,14.82,0.259
2021-02-10,23:00:00,00:00:00,0.390,0.27,15.21,0.28
2021-02-11,00:00:00,01:00:00,0.290,0.27,0.29,0.22
2021-02-11,01:00:00,02:00:00,0.340,0.27,0.63,0.22
2021-02-11,02:00:00,03:00:00,0.200,0.27,0.83,0.22
2021-02-11,03:00:00,04:00:00,0.300,0.27,1.13,0.22
2021-02-11,04:00:00,05:00:00,0.220,0.27,1.35,0.22
2021-02-11,05:00:00,06:00:00,0.380,0.27,1.73,0.22
2021-02-11,06:00:00,07:00:00,0.290,0.27,2.02,0.22
2021-02-11,07:00:00,08:00:00,0.250,0.27,2.27,0.22
2021-02-11,08:00:00,09:00:00,0.650,0.25,2.92,0.22
2021-02-11,09:00:00,10:00:00,0.830,0.25,3.75,0.22
2021-02-11,10:00:00,11:00:00,0.890,0.25,4.64,0.22
2021-02-11,11:00:00,12:00:00,0.620,0.25,5.26,0.22
2021-02-11,12:00:00,13:00:00,0.940,0.25,6.2,0.22
2021-02-11,13:00:00,14:00:00,0.770,0.25,6.97,0.22
2021-02-11,14:00:00,15:00:00,0.790,0.25,7.76,0.22
2021-02-11,15:00:00,16:00:00,0.760,0.25,8.52,0.22
2021-02-11,16:00:00,17:00:00,0.690,0.36,9.21,0.22
2021-02-11,17:00:00,18:00:00,0.740,0.36,9.95,0.22
2021-02-11,18:00:00,19:00:00,1.400,0.36,11.35,0.22
2021-02-11,19:00:00,20:00:00,0.700,0.36,12.05,0.22
2021-02-11,20:00:00,21:00:00,0.600,0.36,12.65,0.22
2021-02-11,21:00:00,22:00:00,1.170,0.27,13.82,0.22
2021-02-11,22:00:00,23:00:00,0.620,0.27,14.44,0.224
2021-02-11,23:00:00,00:00:00,0.630,0.27,15.07,0.28
2021-02-12,00:00:00,01:00:00,0.530,0.27,0.53,0.22
2021-02-12,01:00:00,02:00:00,0.490,0.27,1.02,0.22
2021-02-12,02:00:00,03:00:00,0.580,0.27,1.6,0.22
2021-02-12,03:00:00,04:00:00,0.420,0.27,2.02,0.22
2021-02-12,04:00:00,05:00:00,0.440,0.27,2.46,0.22
2021-02-12,05:00:00,06:00:00,0.340,0.27,2.8,0.22
2021-02-12,06:00:00,07:00:00,0.500,0.27,3.3,0.22
2021-02-12,07:00:00,08:00:00,0.530,0.27,3.83,0.22
2021-02-12,08:00:00,09:00:00,0.540,0.25,4.37,0.22
2021-02-12,09:00:00,10:00:00,0.960,0.25,5.33,0.22
2021-02-12,10:00:00,11:00:00,0.800,0.25,6.13,0.22
2021-02-12,11:00:00,12:00:00,0.930,0.25,7.06,0.22
2021-02-12,12:00:00,13:00:00,0.970,0.25,8.03,0.22
2021-02-12,13:00:00,14:00:00,0.670,0.25,8.7,0.22
2021-02-12,14:00:00,15:00:00,0.910,0.25,9.61,0.22
2021-02-12,15:00:00,16:00:00,0.830,0.25,10.44,0.22
2021-02-12,16:00:00,17:00:00,0.740,0.36,11.18,0.22
2021-02-12,17:00:00,18:00:00,0.740,0.36,11.92,0.22
2021-02-12,18:00:00,19:00:00,0.820,0.36,12.74,0.22
2021-02-12,19:00:00,20:00:00,0.660,0.36,13.4,0.22
2021-02-12,20:00:00,21:00:00,0.680,0.36,14.08,0.22
2021-02-12,21:00:00,22:00:00,0.510,0.27,14.59,0.242
2021-02-12,22:00:00,23:00:00,0.580,0.27,15.17,0.28
2021-02-12,23:00:00,00:00:00,0.370,0.27,15.54,0.28
2021-02-13,00:00:00,01:00:00,0.450,0.27,0.45,0.22
2021-02-13,01:00:00,02:00:00,0.400,0.27,0.85,0.22
2021-02-13,02:00:00,03:00:00,0.430,0.27,1.28,0.22
2021-02-13,03:00:00,04:00:00,0.460,0.27,1.74,0.22
2021-02-13,04:00:00,05:00:00,0.440,0.27,2.18,0.22
2021-02-13,05:00:00,06:00:00,0.540,0.27,2.72,0.22
2021-02-13,06:00:00,07:00:00,0.390,0.27,3.11,0.22
2021-02-13,07:00:00,08:00:00,0.630,0.27,3.74,0.22
2021-02-13,08:00:00,09:00:00,0.460,0.25,4.2,0.22
2021-02-13,09:00:00,10:00:00,0.790,0.25,4.99,0.22
2021-02-13,10:00:00,11:00:00,0.530,0.25,5.52,0.22
2021-02-13,11:00:00,12:00:00,0.540,0.25,6.06,0.22
2021-02-13,12:00:00,13:00:00,0.250,0.25,6.31,0.22
2021-02-13,13:00:00,14:00:00,0.480,0.25,6.79,0.22
2021-02-13,14:00:00,15:00:00,0.550,0.25,7.34,0.22
2021-02-13,15:00:00,16:00:00,0.580,0.25,7.92,0.22
2021-02-13,16:00:00,17:00:00,0.630,0.36,8.55,0.22
2021-02-13,17:00:00,18:00:00,0.570,0.36,9.12,0.22
2021-02-13,18:00:00,19:00:00,0.840,0.36,9.96,0.22
2021-02-13,19:00:00,20:00:00,0.740,0.36,10.7,0.22
2021-02-13,20:00:00,21:00:00,0.760,0.36,11.46,0.22
2021-02-13,21:00:00,22:00:00,0.640,0.27,12.1,0.22
2021-02-13,22:00:00,23:00:00,0.740,0.27,12.84,0.22
2021-02-13,23:00:00,00:00:00,0.620,0.27,13.46,0.22
2021-02-14,00:00:00,01:00:00,0.550,0.27,0.55,0.22
2021-02-14,01:00:00,02:00:00,0.660,0.27,1.21,0.22
2021-02-14,02:00:00,03:00:00,0.600,0.27,1.81,0.22
2021-02-14,03:00:00,04:00:00,0.690,0.27,2.5,0.22
2021-02-14,04:00:00,05:00:00,0.570,0.27,3.07,0.22
2021-02-14,05:00:00,06:00:00,0.680,0.27,3.75,0.22
2021-02-14,06:00:00,07:00:00,0.420,0.27,4.17,0.22
2021-02-14,07:00:00,08:00:00,0.590,0.27,4.76,0.22
2021-02-14,08:00:00,09:00:00,0.440,0.25,5.2,0.22
2021-02-14,09:00:00,10:00:00,0.750,0.25,5.95,0.22
2021-02-14,10:00:00,11:00:00,0.600,0.25,6.55,0.22
2021-02-14,11:00:00,12:00:00,0.750,0.25,7.3,0.22
2021-02-14,12:00:00,13:00:00,0.920,0.25,8.22,0.22
2021-02-14,13:00:00,14:00:00,0.560,0.25,8.78,0.22
2021-02-14,14:00:00,15:00:00,0.620,0.25,9.4,0.22
2021-02-14,15:00:00,16:00:00,0.530,0.25,9.93,0.22
2021-02-14,16:00:00,17:00:00,0.630,0.36,10.56,0.22
2021-02-14,17:00:00,18:00:00,0.630,0.36,11.19,0.22
2021-02-14,18:00:00,19:00:00,1.420,0.36,12.61,0.22
2021-02-14,19:00:00,20:00:00,1.300,0.36,13.91,0.22
2021-02-14,20:00:00,21:00:00,1.410,0.36,15.32,0.259
2021-02-14,21:00:00,22:00:00,1.360,0.27,16.68,0.28
2021-02-14,22:00:00,23:00:00,1.710,0.27,18.39,0.28
2021-02-14,23:00:00,00:00:00,1.880,0.27,20.27,0.28
2021-02-15,00:00:00,01:00:00,0.600,0.27,0.6,0.22
2021-02-15,01:00:00,02:00:00,0.400,0.27,1.0,0.22
2021-02-15,02:00:00,03:00:00,0.370,0.27,1.37,0.22
2021-02-15,03:00:00,04:00:00,0.470,0.27,1.84,0.22
2021-02-15,04:00:00,05:00:00,0.260,0.27,2.1,0.22
2021-02-15,05:00:00,06:00:00,0.430,0.27,2.53,0.22
2021-02-15,06:00:00,07:00:00,0.230,0.27,2.76,0.22
2021-02-15,07:00:00,08:00:00,0.370,0.27,3.13,0.22
2021-02-15,08:00:00,09:00:00,0.390,0.25,3.52,0.22
2021-02-15,09:00:00,10:00:00,0.490,0.25,4.01,0.22
2021-02-15,10:00:00,11:00:00,0.540,0.25,4.55,0.22
2021-02-15,11:00:00,12:00:00,0.550,0.25,5.1,0.22
2021-02-15,12:00:00,13:00:00,0.540,0.25,5.64,0.22
2021-02-15,13:00:00,14:00:00,0.640,0.25,6.28,0.22
2021-02-15,14:00:00,15:00:00,0.690,0.25,6.97,0.22
2021-02-15,15:00:00,16:00:00,0.590,0.25,7.56,0.22
2021-02-15,16:00:00,17:00:00,0.950,0.36,8.51,0.22
2021-02-15,17:00:00,18:00:00,0.590,0.36,9.1,0.22
2021-02-15,18:00:00,19:00:00,0.810,0.36,9.91,0.22
2021-02-15,19:00:00,20:00:00,0.780,0.36,10.69,0.22
2021-02-15,20:00:00,21:00:00,0.780,0.36,11.47,0.22
2021-02-15,21:00:00,22:00:00,0.640,0.27,12.11,0.22
2021-02-15,22:00:00,23:00:00,0.440,0.27,12.55,0.22
2021-02-15,23:00:00,00:00:00,0.480,0.27,13.03,0.22
2021-02-16,00:00:00,01:00:00,0.430,0.27,0.43,0.22
2021-02-16,01:00:00,02:00:00,0.280,0.27,0.71,0.22
2021-02-16,02:00:00,03:00:00,0.400,0.27,1.11,0.22
2021-02-16,03:00:00,04:00:00,0.310,0.27,1.42,0.22
2021-02-16,04:00:00,05:00:00,0.440,0.27,1.86,0.22
2021-02-16,05:00:00,06:00:00,0.350,0.27,2.21,0.22
2021-02-16,06:00:00,07:00:00,0.370,0.27,2.58,0.22
2021-02-16,07:00:00,08:00:00,0.450,0.27,3.03,0.22
2021-02-16,08:00:00,09:00:00,0.550,0.25,3.58,0.22
2021-02-16,09:00:00,10:00:00,0.910,0.25,4.49,0.22
2021-02-16,10:00:00,11:00:00,0.760,0.25,5.25,0.22
2021-02-16,11:00:00,12:00:00,0.730,0.25,5.98,0.22
2021-02-16,12:00:00,13:00:00,0.740,0.25,6.72,0.22
2021-02-16,13:00:00,14:00:00,0.680,0.25,7.4,0.22
2021-02-16,14:00:00,15:00:00,0.600,0.25,8.0,0.22
2021-02-16,15:00:00,16:00:00,0.520,0.25,8.52,0.22
2021-02-16,16:00:00,17:00:00,0.970,0.36,9.49,0.22
2021-02-16,17:00:00,18:00:00,0.710,0.36,10.2,0.22
2021-02-16,18:00:00,19:00:00,0.790,0.36,10.99,0.22
2021-02-16,19:00:00,20:00:00,0.780,0.36,11.77,0.22
2021-02-16,20:00:00,21:00:00,0.580,0.36,12.35,0.22
2021-02-16,21:00:00,22:00:00,0.770,0.27,13.12,0.22
2021-02-16,22:00:00,23:00:00,0.580,0.27,13.7,0.22
2021-02-16,23:00:00,00:00:00,0.750,0.27,14.45,0.224
2021-02-17,00:00:00,01:00:00,0.420,0.27,0.42,0.22
2021-02-17,01:00:00,02:00:00,0.390,0.27,0.81,0.22
2021-02-17,02:00:00,03:00:00,0.350,0.27,1.16,0.22
2021-02-17,03:00:00,04:00:00,0.400,0.27,1.56,0.22
2021-02-17,04:00:00,05:00:00,0.430,0.27,1.99,0.22
2021-02-17,05:00:00,06:00:00,0.390,0.27,2.38,0.22
2021-02-17,06:00:00,07:00:00,0.500,0.27,2.88,0.22
2021-02-17,07:00:00,08:00:00,0.360,0.27,3.24,0.22
2021-02-17,08:00:00,09:00:00,0.740,0.25,3.98,0.22
2021-02-17,09:00:00,10:00:00,0.880,0.25,4.86,0.22
2021-02-17,10:00:00,11:00:00,0.700,0.25,5.56,0.22
2021-02-17,11:00:00,12:00:00,0.950,0.25,6.51,0.22
2021-02-17,12:00:00,13:00:00,0.930,0.25,7.44,0.22
2021-02-17,13:00:00,14:00:00,0.570,0.25,8.01,0.22
2021-02-17,14:00:00,15:00:00,0.880,0.25,8.89,0.22
2021-02-17,15:00:00,16:00:00,0.960,0.25,9.85,0.22
2021-02-17,16:00:00,17:00:00,1.120,0.36,10.97,0.22
2021-02-17,17:00:00,18:00:00,1.930,0.36,12.9,0.22
2021-02-17,18:00:00,19:00:00,2.150,0.36,15.05,0.238
2021-02-17,19:00:00,20:00:00,2.060,0.36,17.11,0.28
2021-02-17,20:00:00,21:00:00,1.620,0.36,18.73,0.28
2021-02-17,21:00:00,22:00:00,0.980,0.27,19.71,0.28
2021-02-17,22:00:00,23:00:00,0.990,0.27,20.7,0.28
2021-02-17,23:00:00,00:00:00,0.910,0.27,21.61,0.28
2021-02-18,00:00:00,01:00:00,0.920,0.27,0.92,0.22
2021-02-18,01:00:00,02:00:00,0.840,0.27,1.76,0.22
2021-02-18,02:00:00,03:00:00,0.820,0.27,2.58,0.22
2021-02-18,03:00:00,04:00:00,0.930,0.27,3.51,0.22
2021-02-18,04:00:00,05:00:00,0.800,0.27,4.31,0.22
2021-02-18,05:00:00,06:00:00,0.940,0.27,5.25,0.22
2021-02-18,06:00:00,07:00:00,0.840,0.27,6.09,0.22
2021-02-18,07:00:00,08:00:00,0.950,0.27,7.04,0.22
2021-02-18,08:00:00,09:00:00,1.020,0.25,8.06,0.22
2021-02-18,09:00:00,10:00:00,1.390,0.25,9.45,0.22
2021-02-18,10:00:00,11:00:00,1.160,0.25,10.61,0.22
2021-02-18,11:00:00,12:00:00,1.230,0.25,11.84,0.22
2021-02-18,12:00:00,13:00:00,1.130,0.25,12.97,0.22
2021-02-18,13:00:00,14:00:00,1.180,0.25,14.15,0.22
2021-02-18,14:00:00,15:00:00,1.140,0.25,15.29,0.267
2021-02-18,15:00:00,16:00:00,1.290,0.25,16.58,0.28
2021-02-18,16:00:00,17:00:00,1.130,0.36,17.71,0.28
2021-02-18,17:00:00,18:00:00,1.080,0.36,18.79,0.28
2021-02-18,18:00:00,19:00:00,1.220,0.36,20.01,0.28
2021-02-18,19:00:00,20:00:00,1.140,0.36,21.15,0.28
2021-02-18,20:00:00,21:00:00,1.390,0.36,22.54,0.28
2021-02-18,21:00:00,22:00:00,1.370,0.27,23.91,0.28
2021-02-18,22:00:00,23:00:00,1.220,0.27,25.13,0.28
2021-02-18,23:00:00,00:00:00,1.020,0.27,26.15,0.28
2021-02-19,00:00:00,01:00:00,0.790,0.27,0.79,0.22
2021-02-19,01:00:00,02:00:00,0.900,0.27,1.69,0.22
2021-02-19,02:00:00,03:00:00,0.830,0.27,2.52,0.22
2021-02-19,03:00:00,04:00:00,0.850,0.27,3.37,0.22
2021-02-19,04:00:00,05:00:00,0.960,0.27,4.33,0.22
2021-02-19,05:00:00,06:00:00,0.800,0.27,5.13,0.22
2021-02-19,06:00:00,07:00:00,1.000,0.27,6.13,0.22
2021-02-19,07:00:00,08:00:00,0.720,0.27,6.85,0.22
2021-02-19,08:00:00,09:00:00,0.830,0.25,7.68,0.22
2021-02-19,09:00:00,10:00:00,0.620,0.25,8.3,0.22
2021-02-19,10:00:00,11:00:00,0.760,0.25,9.06,0.22
2021-02-19,11:00:00,12:00:00,0.550,0.25,9.61,0.22
2021-02-19,12:00:00,13:00:00,0.630,0.25,10.24,0.22
2021-02-19,13:00:00,14:00:00,0.570,0.25,10.81,0.22
2021-02-19,14:00:00,15:00:00,0.600,0.25,11.41,0.22
2021-02-19,15:00:00,16:00:00,0.450,0.25,11.86,0.22
2021-02-19,16:00:00,17:00:00,0.330,0.36,12.19,0.22
2021-02-19,17:00:00,18:00:00,0.400,0.36,12.59,0.22
2021-02-19,18:00:00,19:00:00,0.410,0.36,13.0,0.22
2021-02-19,19:00:00,20:00:00,0.540,0.36,13.54,0.22
2021-02-19,20:00:00,21:00:00,0.530,0.36,14.07,0.22
2021-02-19,21:00:00,22:00:00,0.450,0.27,14.52,0.236
2021-02-19,22:00:00,23:00:00,0.400,0.27,14.92,0.28
2021-02-19,23:00:00,00:00:00,0.420,0.27,15.34,0.28
